-- MySQL dump 10.13  Distrib 8.0.26, for Win64 (x86_64)
--
-- Host: 127.0.0.1    Database: mini_project
-- ------------------------------------------------------
-- Server version	8.0.26

/*!40101 SET @OLD_CHARACTER_SET_CLIENT=@@CHARACTER_SET_CLIENT */;
/*!40101 SET @OLD_CHARACTER_SET_RESULTS=@@CHARACTER_SET_RESULTS */;
/*!40101 SET @OLD_COLLATION_CONNECTION=@@COLLATION_CONNECTION */;
/*!50503 SET NAMES utf8 */;
/*!40103 SET @OLD_TIME_ZONE=@@TIME_ZONE */;
/*!40103 SET TIME_ZONE='+00:00' */;
/*!40014 SET @OLD_UNIQUE_CHECKS=@@UNIQUE_CHECKS, UNIQUE_CHECKS=0 */;
/*!40014 SET @OLD_FOREIGN_KEY_CHECKS=@@FOREIGN_KEY_CHECKS, FOREIGN_KEY_CHECKS=0 */;
/*!40101 SET @OLD_SQL_MODE=@@SQL_MODE, SQL_MODE='NO_AUTO_VALUE_ON_ZERO' */;
/*!40111 SET @OLD_SQL_NOTES=@@SQL_NOTES, SQL_NOTES=0 */;

--
-- Table structure for table `commune`
--

DROP TABLE IF EXISTS `commune`;
/*!40101 SET @saved_cs_client     = @@character_set_client */;
/*!50503 SET character_set_client = utf8mb4 */;
CREATE TABLE `commune` (
  `adm1code` text,
  `adm1_en` text,
  `adm2code` text,
  `adm2_en` text,
  `IHSI_UNFPA_2019` double DEFAULT NULL,
  `IHSI_UNFPA_2019_female` bigint DEFAULT NULL,
  `IHSI_UNFPA_2019_male` bigint DEFAULT NULL
) ENGINE=InnoDB DEFAULT CHARSET=utf8mb4 COLLATE=utf8mb4_0900_ai_ci;
/*!40101 SET character_set_client = @saved_cs_client */;

--
-- Dumping data for table `commune`
--

LOCK TABLES `commune` WRITE;
/*!40000 ALTER TABLE `commune` DISABLE KEYS */;
INSERT INTO `commune` VALUES ('HT01','West','HT0111','Port-au-Prince',1227540.3275701636,648353,579188),('HT01','West','HT0112','Delmas',491434.22637939965,258526,232908),('HT01','West','HT0113','Carrefour',635764.5620936875,333500,302263),('HT01','West','HT0114','Petion-Ville',468525.07633685815,241407,227118),('HT01','West','HT0115','Kenscoff',71408.47984193954,35608,35800),('HT01','West','HT0116','Gressier',45323.25797024711,22541,22782),('HT01','West','HT0117','Cite Soleil',329568.90705944377,168078,161491),('HT01','West','HT0118','Tabarre',161982.35373297418,85544,76439),('HT01','West','HT0121','Leogane',248430.42825933025,125081,123352),('HT01','West','HT0122','Petit-Goave',215051.40653263722,106311,108741),('HT01','West','HT0123','Grand-Goave',169714.69633100874,89555,80160),('HT01','West','HT0131','Croix-Des-Bouquets',310367.19198561896,158269,152097),('HT01','West','HT0132','Thomazeau',65847.32738886459,32191,33656),('HT01','West','HT0133','Ganthier',77749.8617151363,38694,39056),('HT01','West','HT0134','Cornillon / Grand Bois',74176.94906023376,36013,38163),('HT01','West','HT0135','Fonds-Verrettes',62195.04656881173,30626,31569),('HT01','West','HT0141','Arcahaie',162011.94864201327,80940,81072),('HT01','West','HT0142','Cabaret',84849.94943824458,42716,42133),('HT01','West','HT0151','Anse a Galets',77780.80184731355,38776,39006),('HT01','West','HT0152','Pointe a Raquette',30482.75631027542,14631,15852),('HT02','South-East','HT0211','Jacmel',264598.2984843206,133843,130756),('HT02','South-East','HT0212','Marigot',105556.17285664864,55331,50224),('HT02','South-East','HT0213','Cayes-Jacmel',57014.58240158369,29309,27707),('HT02','South-East','HT0214','La Vallee',51473.96117924809,24476,26998),('HT02','South-East','HT0221','Bainet',122589.30228215663,60095,62495),('HT02','South-East','HT0222','Cotes de Fer',69292.92926598138,32692,36600),('HT02','South-East','HT0231','Belle Anse',107322.01654091952,54574,52747),('HT02','South-East','HT0232','Grand Gosier',24104.14850754501,12044,12060),('HT02','South-East','HT0233','Thiotte',49351.89102014162,24673,24679),('HT02','South-East','HT0234','Anse-a-Pitre',42597.34781918173,21074,21524),('HT03','North','HT0311','Cap-Haitien',298210.3009007837,159648,138563),('HT03','North','HT0312','Quartier Morin',29732.019811673563,14593,15140),('HT03','North','HT0313','Limonade',59929.668028212385,29503,30426),('HT03','North','HT0321','Acul du Nord',60758.627688389155,30112,30646),('HT03','North','HT0322','Plaine du Nord',44834.37140785862,22869,21967),('HT03','North','HT0323','Milot',34766.9208966054,17270,17498),('HT03','North','HT0331','Grande Riviere Du Nord',44950.77850907493,22698,22252),('HT03','North','HT0332','Bahon',25268.571769076367,12484,12784),('HT03','North','HT0341','Saint-Raphael',58418.72737101076,28916,29502),('HT03','North','HT0342','Dondon',37606.54866870029,18437,19168),('HT03','North','HT0343','Ranquitte',30107.109360037244,14671,15436),('HT03','North','HT0344','Pignon',47016.71059833818,23425,23592),('HT03','North','HT0345','La Victoire',11454.929091407255,5767,5688),('HT03','North','HT0351','Borgne',72727.39418617549,36503,36224),('HT03','North','HT0352','Port-Margot',54205.73097042439,26964,27241),('HT03','North','HT0361','Limbe',92702.38242317268,46560,46141),('HT03','North','HT0362','Bas Limbe',22712.318859538347,11486,11226),('HT03','North','HT0371','Plaisance',75619.93427700507,38162,37457),('HT03','North','HT0372','Pilate',58738.55294202932,29757,28981),('HT04','North-East','HT0411','Fort-Liberte',38846.865296662756,19652,19195),('HT04','North-East','HT0412','Ferrier',16518.91997045521,8028,8491),('HT04','North-East','HT0413','Perches',13037.654932714999,6407,6631),('HT04','North-East','HT0421','Ouanaminthe',119730.12798803003,60693,59039),('HT04','North-East','HT0422','Capotille',21865.322798401252,10664,11201),('HT04','North-East','HT0423','Mont-Organise',23662.10475336394,11758,11904),('HT04','North-East','HT0431','Trou du Nord',55199.77823867032,28098,27101),('HT04','North-East','HT0432','Sainte Suzanne',31623.118279360307,15168,16455),('HT04','North-East','HT0433','Terrier Rouge',34210.8748992794,16969,17242),('HT04','North-East','HT0434','Caracol',8708.045154010748,4116,4592),('HT04','North-East','HT0441','Vallieres',26552.580072216962,12820,13734),('HT04','North-East','HT0442','Carice',15360.5326910669,7573,7788),('HT04','North-East','HT0443','Mombin Crochu',39147.142715766575,19555,19593),('HT05','Artibonite','HT0511','Gonaives',422250.95920245897,219512,202737),('HT05','Artibonite','HT0512','Ennery',60698.15067395299,29982,30717),('HT05','Artibonite','HT0513','L\'Estere',53514.27753595087,26928,26587),('HT05','Artibonite','HT0521','Gros Morne',184498.4788171033,91791,92708),('HT05','Artibonite','HT0522','Terre Neuve',37034.834123004,18145,18890),('HT05','Artibonite','HT0523','Anse Rouge',51424.37690861846,25635,25789),('HT05','Artibonite','HT0531','Saint-Marc',315976.3069335459,162927,153049),('HT05','Artibonite','HT0532','Verrettes',171606.48445647303,86098,85509),('HT05','Artibonite','HT0533','La Chapelle',37391.27116251222,18361,19031),('HT05','Artibonite','HT0541','Dessalines',215559.78715928423,107037,108521),('HT05','Artibonite','HT0542','Petite Riviere de l\'Artibonite',202330.58797350767,100447,101883),('HT05','Artibonite','HT0543','Grande Saline',27536.68452344666,13016,14521),('HT05','Artibonite','HT0544','Desdunes',43876.37384536333,21826,22050),('HT05','Artibonite','HT0551','Saint-Michel de l\'Attalaye',178355.709549895,90180,88175),('HT05','Artibonite','HT0552','Marmelade',45098.26053115951,22180,22918),('HT06','Centre','HT0611','Hinche',136959.02615167576,67636,69323),('HT06','Centre','HT0612','Maissade',66790.05342104414,32431,34360),('HT06','Centre','HT0613','Thomonde',70118.70578879815,33439,36681),('HT06','Centre','HT0614','Cerca Carvajal',26350.911727490533,13083,13268),('HT06','Centre','HT0621','Mirebalais',110771.1754794012,54723,56048),('HT06','Centre','HT0622','Saut d\'Eau',44270.46347964247,21272,22999),('HT06','Centre','HT0623','Boucan Carre',63488.373558664214,30447,33042),('HT06','Centre','HT0631','Lascahobas',51979.69592473904,25818,26162),('HT06','Centre','HT0632','Belladere',98144.36489542386,47706,50438),('HT06','Centre','HT0633','Savanette',41020.27658206756,20168,20853),('HT06','Centre','HT0641','Cerca La Source',64059.70026340578,31441,32617),('HT06','Centre','HT0642','Thomassique',71641.4263194613,35485,36156),('HT07','South','HT0711','Les Cayes',154849.7452596323,78824,76025),('HT07','South','HT0712','Torbeck',77663.9865690388,36898,40767),('HT07','South','HT0713','Chantal',34830.01010311875,16515,18315),('HT07','South','HT0714','Camp-Perrin',45979.45683038231,21792,24188),('HT07','South','HT0715','Maniche',24431.59099096556,11379,13053),('HT07','South','HT0716','Ile a Vache',15719.670655685222,7270,8449),('HT07','South','HT0721','Port-Salut',19494.688873990013,9210,10285),('HT07','South','HT0722','Saint Jean du Sud',26098.209625085492,11926,14172),('HT07','South','HT0723','Arniquet',29787.08055812762,13746,16042),('HT07','South','HT0731','Aquin',106381.95722800928,52152,54229),('HT07','South','HT0732','Saint louis du Sud',66273.76922398985,32558,33716),('HT07','South','HT0733','Cavaillon',49699.252429928994,23519,26180),('HT07','South','HT0741','Coteaux',21745.56281457081,10392,11353),('HT07','South','HT0742','Port-a-Piment',19314.663136838553,9417,9898),('HT07','South','HT0743','Roche a Bateau',18775.690377759347,8946,9829),('HT07','South','HT0751','Chardonnieres',25764.665007786472,11945,13819),('HT07','South','HT0752','Les Anglais',30511.601316234097,14412,16099),('HT07','South','HT0753','Tiburon',23763.39730399236,11183,12581),('HT08','Grande\'Anse','HT0811','Jeremie',137977.87242103578,67464,70516),('HT08','Grande\'Anse','HT0812','Abricots',38701.869597500336,18232,20470),('HT08','Grande\'Anse','HT0813','Bonbon',8847.157806958523,4071,4776),('HT08','Grande\'Anse','HT0814','Moron',32006.482835048308,15232,16775),('HT08','Grande\'Anse','HT0815','Chambellan',27179.44686072408,13233,13946),('HT08','Grande\'Anse','HT0821','Anse d\'Hainault',37392.57915822933,17694,19697),('HT08','Grande\'Anse','HT0822','Dame Marie',39803.31851542695,19239,20565),('HT08','Grande\'Anse','HT0823','Les Irois',24011.80870119748,11007,13005),('HT08','Grande\'Anse','HT0831','Corail',20098.386259199866,9507,10592),('HT08','Grande\'Anse','HT0832','Roseaux',36730.15377469325,17232,19498),('HT08','Grande\'Anse','HT0833','Beaumont',32441.060561495644,15597,16844),('HT08','Grande\'Anse','HT0834','Pestel',45875.180713845846,21406,24468),('HT09','North-West','HT0911','Port-de-Paix',243093.314958775,125573,117521),('HT09','North-West','HT0912','La Tortue',46322.64629026184,22909,23413),('HT09','North-West','HT0913','Bassin Bleu',75614.07355698015,37848,37765),('HT09','North-West','HT0914','Chamsolme',36183.6036507916,18566,17617),('HT09','North-West','HT0921','Saint-Louis du Nord',138663.62575074038,71415,67248),('HT09','North-West','HT0922','Anse-a-Foleur',36012.10515517294,18030,17982),('HT09','North-West','HT0931','Mole Saint Nicolas',40356.303890054696,19517,20839),('HT09','North-West','HT0932','Baie de Henne',32517.662124146063,15808,16710),('HT09','North-West','HT0933','Bombardopolis',42937.80756094615,20884,22054),('HT09','North-West','HT0934','Jean Rabel',176879.42210149448,87425,89456),('HT10','Nippes','HT1011','Miragoane',64231.92171129898,31714,32518),('HT10','Nippes','HT1012','Petite Riviere de Nippes',29331.217905230573,13864,15466),('HT10','Nippes','HT1013','Fonds des Negres',34323.860225438824,17139,17185),('HT10','Nippes','HT1014','Paillant',17804.34936051112,8774,9031),('HT10','Nippes','HT1021','Anse-a-Veau',35556.46047768971,16737,18820),('HT10','Nippes','HT1022','Petit Trou de Nippes',30807.226142371394,13970,16838),('HT10','Nippes','HT1023','L\'Asile',42191.8288329086,20121,22070),('HT10','Nippes','HT1024','Arnaud',21283.194076061398,10053,11230),('HT10','Nippes','HT1025','Plaisance du Sud',27987.472454399816,12786,15203),('HT10','Nippes','HT1031','Baraderes',42102.828993562594,19234,22868),('HT10','Nippes','HT1032','Grand-Boucan',5972.942971682801,2793,3180);
/*!40000 ALTER TABLE `commune` ENABLE KEYS */;
UNLOCK TABLES;

--
-- Table structure for table `covid_case`
--

DROP TABLE IF EXISTS `covid_case`;
/*!40101 SET @saved_cs_client     = @@character_set_client */;
/*!50503 SET character_set_client = utf8mb4 */;
CREATE TABLE `covid_case` (
  `departement` text,
  `cas_suspects` bigint DEFAULT NULL,
  `cas_confirmes` bigint DEFAULT NULL,
  `deces` bigint DEFAULT NULL,
  `taux_de_letalite` double DEFAULT NULL,
  `document_date` text
) ENGINE=InnoDB DEFAULT CHARSET=utf8mb4 COLLATE=utf8mb4_0900_ai_ci;
/*!40101 SET character_set_client = @saved_cs_client */;

--
-- Dumping data for table `covid_case`
--

LOCK TABLES `covid_case` WRITE;
/*!40000 ALTER TABLE `covid_case` DISABLE KEYS */;
INSERT INTO `covid_case` VALUES ('Artibonite',47,4,0,0,'2020-04-15'),('Centre',14,1,0,0,'2020-04-15'),('Grande\'Anse',2,0,0,0,'2020-04-15'),('Nippes',16,2,0,0,'2020-04-15'),('Nord',28,0,0,0,'2020-04-15'),('Nord-Est',24,7,2,0.29,'2020-04-15'),('Nord-Ouest',7,1,0,0,'2020-04-15'),('Ouest',317,24,1,0.04,'2020-04-15'),('Sud',8,0,0,0,'2020-04-15'),('Sud-Est',22,4,0,0,'2020-04-15'),('Ouest',325,24,1,0.04,'2020-04-16'),('Artibonite',47,4,0,0,'2020-04-16'),('Nord-Est',24,8,2,0.25,'2020-04-16'),('Sud-Est',24,4,0,0,'2020-04-16'),('Nord',28,0,0,0,'2020-04-16'),('Nippes',19,2,0,0,'2020-04-16'),('Centre',14,1,0,0,'2020-04-16'),('Sud',8,0,0,0,'2020-04-16'),('Nord-Ouest',7,1,0,0,'2020-04-16'),('Grande\'Anse',2,0,0,0,'2020-04-16'),('Artibonite',47,4,0,0,'2020-04-14'),('Centre',14,1,0,0,'2020-04-14'),('Grande\'Anse',2,0,0,0,'2020-04-14'),('Nippes',16,2,0,0,'2020-04-14'),('Nord',28,0,0,0,'2020-04-14'),('Nord-Est',20,7,2,0.29,'2020-04-14'),('Nord-Ouest',7,1,0,0,'2020-04-14'),('Ouest',290,22,1,0.05,'2020-04-14'),('Sud',8,0,0,0,'2020-04-14'),('Sud-Est',21,4,0,0,'2020-04-14'),('Artibonite',47,4,0,0,'2020-04-13'),('Centre',14,1,0,0,'2020-04-13'),('Grande\'Anse',2,0,0,0,'2020-04-13'),('Nippes',16,2,0,0,'2020-04-13'),('Nord',28,0,0,0,'2020-04-13'),('Nord-Est',20,7,2,0.29,'2020-04-13'),('Nord-Ouest',7,1,0,0,'2020-04-13'),('Ouest',286,21,1,0.05,'2020-04-13'),('Sud',8,0,0,0,'2020-04-13'),('Sud-Est',21,4,0,0,'2020-04-13'),('Artibonite',47,4,0,0,'2020-04-12'),('Centre',14,1,0,0,'2020-04-12'),('Grande\'Anse',2,0,0,0,'2020-04-12'),('Nippes',16,2,0,0,'2020-04-12'),('Nord',28,0,0,0,'2020-04-12'),('Nord-Est',20,7,2,0.29,'2020-04-12'),('Nord-Ouest',7,1,0,0,'2020-04-12'),('Ouest',276,21,1,0.05,'2020-04-12'),('Sud',8,0,0,0,'2020-04-12'),('Sud-Est',21,4,0,0,'2020-04-12'),('Artibonite',12,1,0,0,'2020-04-10'),('Centre',13,1,0,0,'2020-04-10'),('Grande\'Anse',2,0,0,0,'2020-04-10'),('Nippes',14,2,0,0,'2020-04-10'),('Nord',23,0,0,0,'2020-04-10'),('Nord-Est',10,3,1,0.33,'2020-04-10'),('Nord-Ouest',7,1,0,0,'2020-04-10'),('Ouest',263,21,1,0.05,'2020-04-10'),('Sud',8,0,0,0,'2020-04-10'),('Sud-Est',21,4,0,0,'2020-04-10'),('Artibonite',12,1,0,0,'2020-04-09'),('Centre',13,1,0,0,'2020-04-09'),('Grande\'Anse',2,0,0,0,'2020-04-09'),('Nippes',14,2,0,0,'2020-04-09'),('Nord',21,0,0,0,'2020-04-09'),('Nord-Est',10,3,1,0.33,'2020-04-09'),('Nord-Ouest',7,1,0,0,'2020-04-09'),('Guest',257,19,1,0.05,'2020-04-09'),('Sud',8,0,0,0,'2020-04-09'),('Sud-Est',21,4,0,0,'2020-04-09'),('Artibonite',12,1,0,0,'2020-04-08'),('Centre',11,0,0,0,'2020-04-08'),('Grande\'Anse',2,0,0,0,'2020-04-08'),('Nippes',14,2,0,0,'2020-04-08'),('Nord',21,0,0,0,'2020-04-08'),('Nord-Est',10,3,1,0.33,'2020-04-08'),('Nord-Ouest',6,1,0,0,'2020-04-08'),('Ouest',227,19,1,0.05,'2020-04-08'),('Sud',7,0,0,0,'2020-04-08'),('Sud-Est',21,4,0,0,'2020-04-08'),('Artibonite',12,1,0,0,'2020-04-07'),('Centre',11,0,0,0,'2020-04-07'),('Grande\'Anse',1,0,0,0,'2020-04-07'),('Nippes',14,2,0,0,'2020-04-07'),('Nord',19,0,0,0,'2020-04-07'),('Nord-Est',5,1,0,0,'2020-04-07'),('Nord-Ouest',6,1,0,0,'2020-04-07'),('Ouest',196,18,1,0.06,'2020-04-07'),('Sud',6,0,0,0,'2020-04-07'),('Sud-Est',21,4,0,0,'2020-04-07');
/*!40000 ALTER TABLE `covid_case` ENABLE KEYS */;
UNLOCK TABLES;

--
-- Table structure for table `departement`
--

DROP TABLE IF EXISTS `departement`;
/*!40101 SET @saved_cs_client     = @@character_set_client */;
/*!50503 SET character_set_client = utf8mb4 */;
CREATE TABLE `departement` (
  `adm1code` text,
  `adm1_en` text,
  `IHSI_UNFPA_2019` double DEFAULT NULL,
  `IHSI_UNFPA_2019_female` bigint DEFAULT NULL,
  `IHSI_UNFPA_2019_male` bigint DEFAULT NULL
) ENGINE=InnoDB DEFAULT CHARSET=utf8mb4 COLLATE=utf8mb4_0900_ai_ci;
/*!40101 SET character_set_client = @saved_cs_client */;

--
-- Dumping data for table `departement`
--

LOCK TABLES `departement` WRITE;
/*!40000 ALTER TABLE `departement` DISABLE KEYS */;
INSERT INTO `departement` VALUES ('HT01','West',5010205.555064201,2587360,2422846),('HT02','South-East',893900.650357727,448111,445790),('HT03','North',1159761.5977595127,589825,569932),('HT04','North-East',444463.06778999936,221501,222966),('HT05','Artibonite',2047152.543396276,1034065,1013085),('HT06','Centre',845594.173591814,413649,431947),('HT07','South',791084.9983051358,382084,409000),('HT08','Grande\'Anse',481065.31720535544,229914,251152),('HT09','North-West',868580.5650393632,437975,430605),('HT10','Nippes',351593.3031511559,167185,184409);
/*!40000 ALTER TABLE `departement` ENABLE KEYS */;
UNLOCK TABLES;

--
-- Table structure for table `factype`
--

DROP TABLE IF EXISTS `factype`;
/*!40101 SET @saved_cs_client     = @@character_set_client */;
/*!50503 SET character_set_client = utf8mb4 */;
CREATE TABLE `factype` (
  `factype` double DEFAULT NULL,
  `facdesc_1` text,
  `facdesc` text
) ENGINE=InnoDB DEFAULT CHARSET=utf8mb4 COLLATE=utf8mb4_0900_ai_ci;
/*!40101 SET character_set_client = @saved_cs_client */;

--
-- Dumping data for table `factype`
--

LOCK TABLES `factype` WRITE;
/*!40000 ALTER TABLE `factype` DISABLE KEYS */;
INSERT INTO `factype` VALUES (1,'HOPITAL','HOPITAL UNIVERSITAIRE'),(2,'HOPITAL','HOPITAL DEPARTEMENTAL'),(3,'HOPITAL','HOPITAL COMMUNAUTAIRE DE REFERENCE'),(4,'HOPITAL','AUTRES HOPITAUX'),(5,'CENTRE DE SANTE AVEC LIT','CENTRE DE SANTE AVEC LIT'),(6,'CENTRE DE SANTE SANS LIT','CENTRE DE SANTE SANS LIT'),(7,'DISPENSAIRE','DISPENSAIRE');
/*!40000 ALTER TABLE `factype` ENABLE KEYS */;
UNLOCK TABLES;

--
-- Table structure for table `spa`
--

DROP TABLE IF EXISTS `spa`;
/*!40101 SET @saved_cs_client     = @@character_set_client */;
/*!50503 SET character_set_client = utf8mb4 */;
CREATE TABLE `spa` (
  `factype` double DEFAULT NULL,
  `mga` bigint DEFAULT NULL,
  `ambulance` double DEFAULT NULL,
  `service_laboratory` double DEFAULT NULL,
  `num_beds` double DEFAULT NULL,
  `full_time` double DEFAULT NULL,
  `adm1code` text,
  `adm2code` text,
  `facdesc_1` text,
  `facdesc` text,
  `vilcomn` text,
  `departn` text
) ENGINE=InnoDB DEFAULT CHARSET=utf8mb4 COLLATE=utf8mb4_0900_ai_ci;
/*!40101 SET character_set_client = @saved_cs_client */;

--
-- Dumping data for table `spa`
--

LOCK TABLES `spa` WRITE;
/*!40000 ALTER TABLE `spa` DISABLE KEYS */;
INSERT INTO `spa` VALUES (7,3,3,1,NULL,5,'HT01','HT0111','DISPENSAIRE','DISPENSAIRE','Port-Au-Prince','Ouest'),(3,1,3,1,25,18,'HT01','HT0111','HOPITAL','HOPITAL COMMUNAUTAIRE DE REFERENCE','Port-Au-Prince','Ouest'),(6,3,1,1,201,141,'HT01','HT0111','CENTRE DE SANTE SANS LIT','CENTRE DE SANTE SANS LIT','Port-Au-Prince','Ouest'),(5,3,3,1,7,13,'HT01','HT0111','CENTRE DE SANTE AVEC LIT','CENTRE DE SANTE AVEC LIT','Port-Au-Prince','Ouest'),(6,2,3,1,NULL,10,'HT01','HT0111','CENTRE DE SANTE SANS LIT','CENTRE DE SANTE SANS LIT','Port-Au-Prince','Ouest'),(6,4,3,1,2,8,'HT01','HT0111','CENTRE DE SANTE SANS LIT','CENTRE DE SANTE SANS LIT','Port-Au-Prince','Ouest'),(5,2,3,2,5,5,'HT01','HT0111','CENTRE DE SANTE AVEC LIT','CENTRE DE SANTE AVEC LIT','Port-Au-Prince','Ouest'),(6,3,3,1,NULL,6,'HT01','HT0111','CENTRE DE SANTE SANS LIT','CENTRE DE SANTE SANS LIT','Port-Au-Prince','Ouest'),(6,3,3,1,NULL,5,'HT01','HT0111','CENTRE DE SANTE SANS LIT','CENTRE DE SANTE SANS LIT','Port-Au-Prince','Ouest'),(6,3,3,2,NULL,2,'HT01','HT0111','CENTRE DE SANTE SANS LIT','CENTRE DE SANTE SANS LIT','Port-Au-Prince','Ouest'),(7,3,3,2,3,10,'HT01','HT0111','DISPENSAIRE','DISPENSAIRE','Port-Au-Prince','Ouest'),(6,3,3,2,NULL,5,'HT01','HT0111','CENTRE DE SANTE SANS LIT','CENTRE DE SANTE SANS LIT','Port-Au-Prince','Ouest'),(4,3,1,1,7,17,'HT01','HT0111','HOPITAL','AUTRES HOPITAUX','Port-Au-Prince','Ouest'),(6,3,3,2,NULL,12,'HT01','HT0111','CENTRE DE SANTE SANS LIT','CENTRE DE SANTE SANS LIT','Port-Au-Prince','Ouest'),(4,3,3,1,24,57,'HT01','HT0111','HOPITAL','AUTRES HOPITAUX','Port-Au-Prince','Ouest'),(6,2,1,1,12,9,'HT01','HT0111','CENTRE DE SANTE SANS LIT','CENTRE DE SANTE SANS LIT','Port-Au-Prince','Ouest'),(1,1,3,1,652,381,'HT01','HT0111','HOPITAL','HOPITAL UNIVERSITAIRE','Port-Au-Prince','Ouest'),(4,3,3,1,30,97,'HT01','HT0111','HOPITAL','AUTRES HOPITAUX','Port-Au-Prince','Ouest'),(6,1,3,1,NULL,40,'HT01','HT0111','CENTRE DE SANTE SANS LIT','CENTRE DE SANTE SANS LIT','Port-Au-Prince','Ouest'),(6,4,3,2,NULL,4,'HT01','HT0111','CENTRE DE SANTE SANS LIT','CENTRE DE SANTE SANS LIT','Port-Au-Prince','Ouest'),(4,3,1,1,40,104,'HT01','HT0111','HOPITAL','AUTRES HOPITAUX','Port-Au-Prince','Ouest'),(4,1,1,1,60,63,'HT01','HT0111','HOPITAL','AUTRES HOPITAUX','Port-Au-Prince','Ouest'),(4,2,3,1,30,40,'HT01','HT0111','HOPITAL','AUTRES HOPITAUX','Port-Au-Prince','Ouest'),(6,1,3,2,NULL,4,'HT01','HT0111','CENTRE DE SANTE SANS LIT','CENTRE DE SANTE SANS LIT','Port-au-Prince','Ouest'),(6,2,3,1,NULL,12,'HT01','HT0111','CENTRE DE SANTE SANS LIT','CENTRE DE SANTE SANS LIT','Port-Au-Prince','Ouest'),(6,3,3,1,NULL,15,'HT01','HT0111','CENTRE DE SANTE SANS LIT','CENTRE DE SANTE SANS LIT','Port-Au-Prince','Ouest'),(6,2,NULL,NULL,NULL,NULL,'HT01','HT0111','CENTRE DE SANTE SANS LIT','CENTRE DE SANTE SANS LIT','Port-Au-Prince','Ouest'),(6,4,1,1,30,57,'HT01','HT0111','CENTRE DE SANTE SANS LIT','CENTRE DE SANTE SANS LIT','Port-Au-Prince','Ouest'),(4,3,3,2,24,27,'HT01','HT0111','HOPITAL','AUTRES HOPITAUX','Port-Au-Prince','Ouest'),(4,3,3,1,13,35,'HT01','HT0111','HOPITAL','AUTRES HOPITAUX','Port-Au-Prince','Ouest'),(6,3,3,2,NULL,7,'HT01','HT0111','CENTRE DE SANTE SANS LIT','CENTRE DE SANTE SANS LIT','Port-Au-Prince','Ouest'),(4,3,3,1,10,18,'HT01','HT0111','HOPITAL','AUTRES HOPITAUX','Port-Au-Prince','Ouest'),(6,4,3,1,NULL,5,'HT01','HT0111','CENTRE DE SANTE SANS LIT','CENTRE DE SANTE SANS LIT','Port-Au-Prince','Ouest'),(6,4,3,1,NULL,31,'HT01','HT0111','CENTRE DE SANTE SANS LIT','CENTRE DE SANTE SANS LIT','Port-Au-Prince','Ouest'),(4,3,3,1,9,46,'HT01','HT0111','HOPITAL','AUTRES HOPITAUX','Port-Au-Prince','Ouest'),(4,2,3,1,25,21,'HT01','HT0111','HOPITAL','AUTRES HOPITAUX','Port-Au-Prince','Ouest'),(6,3,3,1,NULL,10,'HT01','HT0111','CENTRE DE SANTE SANS LIT','CENTRE DE SANTE SANS LIT','Port-Au-Prince','Ouest'),(6,1,3,1,NULL,51,'HT01','HT0111','CENTRE DE SANTE SANS LIT','CENTRE DE SANTE SANS LIT','Port-Au-Prince','Ouest'),(6,4,3,1,NULL,14,'HT01','HT0111','CENTRE DE SANTE SANS LIT','CENTRE DE SANTE SANS LIT','Port-Au-Prince','Ouest'),(5,3,3,1,NULL,5,'HT01','HT0111','CENTRE DE SANTE AVEC LIT','CENTRE DE SANTE AVEC LIT','Port-Au-Prince','Ouest'),(6,4,3,2,2,2,'HT01','HT0111','CENTRE DE SANTE SANS LIT','CENTRE DE SANTE SANS LIT','Port-Au-Prince','Ouest'),(6,3,3,1,3,13,'HT01','HT0111','CENTRE DE SANTE SANS LIT','CENTRE DE SANTE SANS LIT','Port-Au-Prince','Ouest'),(6,3,3,1,NULL,15,'HT01','HT0111','CENTRE DE SANTE SANS LIT','CENTRE DE SANTE SANS LIT','Port-Au-Prince','Ouest'),(4,3,3,1,8,9,'HT01','HT0111','HOPITAL','AUTRES HOPITAUX','Port-Au-Prince','Ouest'),(4,2,1,2,13,107,'HT01','HT0111','HOPITAL','AUTRES HOPITAUX','Port-Au-Prince','Ouest'),(6,2,3,1,NULL,13,'HT01','HT0111','CENTRE DE SANTE SANS LIT','CENTRE DE SANTE SANS LIT','Port-Au-Prince','Ouest'),(6,2,3,1,1,11,'HT01','HT0111','CENTRE DE SANTE SANS LIT','CENTRE DE SANTE SANS LIT','Port-Au-Prince','Ouest'),(6,3,3,1,NULL,3,'HT01','HT0111','CENTRE DE SANTE SANS LIT','CENTRE DE SANTE SANS LIT','Port-Au-Prince','Ouest'),(6,1,3,1,NULL,42,'HT01','HT0117','CENTRE DE SANTE SANS LIT','CENTRE DE SANTE SANS LIT','Cit!-Soleil','Ouest'),(5,2,3,1,NULL,19,'HT01','HT0117','CENTRE DE SANTE AVEC LIT','CENTRE DE SANTE AVEC LIT','Cit!-Soleil','Ouest'),(6,2,1,2,4,23,'HT01','HT0117','CENTRE DE SANTE SANS LIT','CENTRE DE SANTE SANS LIT','Cit!-Soleil','Ouest'),(4,2,1,1,40,119,'HT01','HT0117','HOPITAL','AUTRES HOPITAUX','Cit!-Soleil','Ouest'),(6,2,3,1,2,10,'HT01','HT0117','CENTRE DE SANTE SANS LIT','CENTRE DE SANTE SANS LIT','Cit!-Soleil','Ouest'),(4,2,3,2,NULL,7,'HT01','HT0117','HOPITAL','AUTRES HOPITAUX','Cit!-Soleil','Ouest'),(4,1,2,1,97,55,'HT01','HT0117','HOPITAL','AUTRES HOPITAUX','Cit!-Soleil','Ouest'),(6,3,3,1,NULL,6,'HT01','HT0117','CENTRE DE SANTE SANS LIT','CENTRE DE SANTE SANS LIT','Cit!-Soleil','Ouest'),(5,3,3,1,NULL,10,'HT01','HT0117','CENTRE DE SANTE AVEC LIT','CENTRE DE SANTE AVEC LIT','Cit!-Soleil','Ouest'),(5,2,1,1,NULL,10,'HT01','HT0117','CENTRE DE SANTE AVEC LIT','CENTRE DE SANTE AVEC LIT','Cit!-Soleil','Ouest'),(6,1,1,2,NULL,5,'HT01','HT0117','CENTRE DE SANTE SANS LIT','CENTRE DE SANTE SANS LIT','Cit!-Soleil','Ouest'),(5,3,3,1,NULL,16,'HT01','HT0112','CENTRE DE SANTE AVEC LIT','CENTRE DE SANTE AVEC LIT','Delmas','Ouest'),(4,3,3,1,16,45,'HT01','HT0112','HOPITAL','AUTRES HOPITAUX','Delmas','Ouest'),(4,4,2,1,15,76,'HT01','HT0112','HOPITAL','AUTRES HOPITAUX','Delmas','Ouest'),(1,1,3,1,75,139,'HT01','HT0112','HOPITAL','HOPITAL UNIVERSITAIRE','Delmas','Ouest'),(4,1,1,1,60,202,'HT01','HT0112','HOPITAL','AUTRES HOPITAUX','Delmas','Ouest'),(6,1,3,1,4,38,'HT01','HT0112','CENTRE DE SANTE SANS LIT','CENTRE DE SANTE SANS LIT','Delmas','Ouest'),(6,2,3,1,NULL,10,'HT01','HT0112','CENTRE DE SANTE SANS LIT','CENTRE DE SANTE SANS LIT','Delmas','Ouest'),(4,3,1,1,50,165,'HT01','HT0112','HOPITAL','AUTRES HOPITAUX','Delmas','Ouest'),(5,2,3,1,20,51,'HT01','HT0112','CENTRE DE SANTE AVEC LIT','CENTRE DE SANTE AVEC LIT','Delmas','Ouest'),(6,1,3,1,NULL,29,'HT01','HT0112','CENTRE DE SANTE SANS LIT','CENTRE DE SANTE SANS LIT','Delmas','Ouest'),(6,3,3,1,NULL,5,'HT01','HT0112','CENTRE DE SANTE SANS LIT','CENTRE DE SANTE SANS LIT','Delmas','Ouest'),(6,2,3,1,NULL,5,'HT01','HT0112','CENTRE DE SANTE SANS LIT','CENTRE DE SANTE SANS LIT','Delmas','Ouest'),(6,4,3,1,NULL,11,'HT01','HT0112','CENTRE DE SANTE SANS LIT','CENTRE DE SANTE SANS LIT','Delmas','Ouest'),(6,2,3,1,25,15,'HT01','HT0112','CENTRE DE SANTE SANS LIT','CENTRE DE SANTE SANS LIT','Delmas','Ouest'),(6,3,3,1,NULL,7,'HT01','HT0112','CENTRE DE SANTE SANS LIT','CENTRE DE SANTE SANS LIT','Delmas','Ouest'),(4,2,1,1,68,215,'HT01','HT0112','HOPITAL','AUTRES HOPITAUX','Delmas','Ouest'),(1,1,3,1,140,303,'HT01','HT0112','HOPITAL','HOPITAL UNIVERSITAIRE','Delmas','Ouest'),(4,3,3,1,39,95,'HT01','HT0112','HOPITAL','AUTRES HOPITAUX','Delmas','Ouest'),(4,2,2,1,8,28,'HT01','HT0112','HOPITAL','AUTRES HOPITAUX','Delmas','Ouest'),(6,2,1,1,NULL,15,'HT01','HT0112','CENTRE DE SANTE SANS LIT','CENTRE DE SANTE SANS LIT','Delmas','Ouest'),(5,3,3,1,2,26,'HT01','HT0112','CENTRE DE SANTE AVEC LIT','CENTRE DE SANTE AVEC LIT','Delmas','Ouest'),(5,3,3,2,1,6,'HT01','HT0112','CENTRE DE SANTE AVEC LIT','CENTRE DE SANTE AVEC LIT','Delmas','Ouest'),(4,2,3,1,10,12,'HT01','HT0112','HOPITAL','AUTRES HOPITAUX','Delmas','Ouest'),(6,2,3,1,NULL,6,'HT01','HT0112','CENTRE DE SANTE SANS LIT','CENTRE DE SANTE SANS LIT','Delmas','Ouest'),(4,2,1,1,NULL,28,'HT01','HT0112','HOPITAL','AUTRES HOPITAUX','Delmas','Ouest'),(6,3,3,1,NULL,11,'HT01','HT0112','CENTRE DE SANTE SANS LIT','CENTRE DE SANTE SANS LIT','Delmas','Ouest'),(5,3,1,2,NULL,5,'HT01','HT0112','CENTRE DE SANTE AVEC LIT','CENTRE DE SANTE AVEC LIT','Delmas','Ouest'),(6,3,3,1,5,12,'HT01','HT0112','CENTRE DE SANTE SANS LIT','CENTRE DE SANTE SANS LIT','Delmas','Ouest'),(6,3,3,1,NULL,3,'HT01','HT0112','CENTRE DE SANTE SANS LIT','CENTRE DE SANTE SANS LIT','Delmas','Ouest'),(6,1,3,1,NULL,61,'HT01','HT0112','CENTRE DE SANTE SANS LIT','CENTRE DE SANTE SANS LIT','Delmas','Ouest'),(6,1,3,1,1,46,'HT01','HT0112','CENTRE DE SANTE SANS LIT','CENTRE DE SANTE SANS LIT','Delmas','Ouest'),(6,3,3,1,NULL,8,'HT01','HT0112','CENTRE DE SANTE SANS LIT','CENTRE DE SANTE SANS LIT','Delmas','Ouest'),(6,3,3,1,NULL,8,'HT01','HT0118','CENTRE DE SANTE SANS LIT','CENTRE DE SANTE SANS LIT','Tabarre','Ouest'),(4,2,3,1,20,41,'HT01','HT0118','HOPITAL','AUTRES HOPITAUX','Tabarre','Ouest'),(4,1,1,1,132,332,'HT01','HT0118','HOPITAL','AUTRES HOPITAUX','Tabarre','Ouest'),(4,2,3,1,87,88,'HT01','HT0118','HOPITAL','AUTRES HOPITAUX','Tabarre','Ouest'),(4,2,3,1,NULL,3,'HT01','HT0118','HOPITAL','AUTRES HOPITAUX','Tabarre','Ouest'),(6,3,1,2,NULL,4,'HT01','HT0118','CENTRE DE SANTE SANS LIT','CENTRE DE SANTE SANS LIT','Tabarre','Ouest'),(4,2,1,1,50,156,'HT01','HT0118','HOPITAL','AUTRES HOPITAUX','Tabarre','Ouest'),(4,4,3,1,33,43,'HT01','HT0118','HOPITAL','AUTRES HOPITAUX','Tabarre','Ouest'),(6,4,3,1,NULL,17,'HT01','HT0113','CENTRE DE SANTE SANS LIT','CENTRE DE SANTE SANS LIT','Carrefour','Ouest'),(6,4,3,1,NULL,3,'HT01','HT0113','CENTRE DE SANTE SANS LIT','CENTRE DE SANTE SANS LIT','Carrefour','Ouest'),(6,4,3,1,9,28,'HT01','HT0113','CENTRE DE SANTE SANS LIT','CENTRE DE SANTE SANS LIT','Carrefour','Ouest'),(5,3,3,1,3,13,'HT01','HT0113','CENTRE DE SANTE AVEC LIT','CENTRE DE SANTE AVEC LIT','Carrefour','Ouest'),(5,4,3,2,3,13,'HT01','HT0113','CENTRE DE SANTE AVEC LIT','CENTRE DE SANTE AVEC LIT','Carrefour','Ouest'),(5,3,3,1,NULL,17,'HT01','HT0113','CENTRE DE SANTE AVEC LIT','CENTRE DE SANTE AVEC LIT','Carrefour','Ouest'),(6,1,3,2,NULL,31,'HT01','HT0113','CENTRE DE SANTE SANS LIT','CENTRE DE SANTE SANS LIT','Carrefour','Ouest'),(4,3,3,1,25,65,'HT01','HT0113','HOPITAL','AUTRES HOPITAUX','Carrefour','Ouest'),(5,3,3,1,NULL,9,'HT01','HT0113','CENTRE DE SANTE AVEC LIT','CENTRE DE SANTE AVEC LIT','Carrefour','Ouest'),(6,2,3,2,4,2,'HT01','HT0113','CENTRE DE SANTE SANS LIT','CENTRE DE SANTE SANS LIT','Carrefour','Ouest'),(5,3,3,1,4,15,'HT01','HT0113','CENTRE DE SANTE AVEC LIT','CENTRE DE SANTE AVEC LIT','Carrefour','Ouest'),(3,1,3,1,35,88,'HT01','HT0113','HOPITAL','HOPITAL COMMUNAUTAIRE DE REFERENCE','Carrefour','Ouest'),(1,3,1,1,24,93,'HT01','HT0113','HOPITAL','HOPITAL UNIVERSITAIRE','Carrefour','Ouest'),(6,3,3,1,NULL,31,'HT01','HT0113','CENTRE DE SANTE SANS LIT','CENTRE DE SANTE SANS LIT','Carrefour','Ouest'),(6,4,3,2,NULL,10,'HT01','HT0113','CENTRE DE SANTE SANS LIT','CENTRE DE SANTE SANS LIT','Carrefour','Ouest'),(6,4,3,2,NULL,8,'HT01','HT0113','CENTRE DE SANTE SANS LIT','CENTRE DE SANTE SANS LIT','Carrefour','Ouest'),(6,4,3,1,8,13,'HT01','HT0113','CENTRE DE SANTE SANS LIT','CENTRE DE SANTE SANS LIT','Carrefour','Ouest'),(5,3,3,2,6,6,'HT01','HT0113','CENTRE DE SANTE AVEC LIT','CENTRE DE SANTE AVEC LIT','Carrefour','Ouest'),(7,2,3,1,NULL,19,'HT01','HT0113','DISPENSAIRE','DISPENSAIRE','Carrefour','Ouest'),(6,3,3,1,NULL,5,'HT01','HT0113','CENTRE DE SANTE SANS LIT','CENTRE DE SANTE SANS LIT','Carrefour','Ouest'),(6,3,3,1,NULL,16,'HT01','HT0113','CENTRE DE SANTE SANS LIT','CENTRE DE SANTE SANS LIT','Carrefour','Ouest'),(6,3,3,2,NULL,4,'HT01','HT0113','CENTRE DE SANTE SANS LIT','CENTRE DE SANTE SANS LIT','Carrefour','Ouest'),(7,1,3,2,2,37,'HT01','HT0113','DISPENSAIRE','DISPENSAIRE','Carrefour','Ouest'),(6,2,3,1,NULL,10,'HT01','HT0113','CENTRE DE SANTE SANS LIT','CENTRE DE SANTE SANS LIT','Carrefour','Ouest'),(6,3,3,2,NULL,6,'HT01','HT0113','CENTRE DE SANTE SANS LIT','CENTRE DE SANTE SANS LIT','Carrefour','Ouest'),(7,1,3,2,NULL,2,'HT01','HT0113','DISPENSAIRE','DISPENSAIRE','Carrefour','Ouest'),(6,3,3,1,NULL,6,'HT01','HT0113','CENTRE DE SANTE SANS LIT','CENTRE DE SANTE SANS LIT','Carrefour','Ouest'),(3,1,3,1,49,135,'HT01','HT0113','HOPITAL','HOPITAL COMMUNAUTAIRE DE REFERENCE','Carrefour','Ouest'),(4,3,3,1,9,39,'HT01','HT0114','HOPITAL','AUTRES HOPITAUX','P!tion-ville','Ouest'),(6,4,3,1,NULL,7,'HT01','HT0114','CENTRE DE SANTE SANS LIT','CENTRE DE SANTE SANS LIT','P!tion-ville','Ouest'),(6,3,3,2,NULL,20,'HT01','HT0114','CENTRE DE SANTE SANS LIT','CENTRE DE SANTE SANS LIT','P!tion-ville','Ouest'),(6,4,3,1,NULL,36,'HT01','HT0114','CENTRE DE SANTE SANS LIT','CENTRE DE SANTE SANS LIT','P!tion-ville','Ouest'),(4,3,NULL,NULL,NULL,NULL,'HT01','HT0114','HOPITAL','AUTRES HOPITAUX','P!tion-ville','Ouest'),(3,1,3,1,26,43,'HT01','HT0114','HOPITAL','HOPITAL COMMUNAUTAIRE DE REFERENCE','P!tion-ville','Ouest'),(6,1,3,1,NULL,14,'HT01','HT0114','CENTRE DE SANTE SANS LIT','CENTRE DE SANTE SANS LIT','P!tion-ville','Ouest'),(4,3,3,1,7,20,'HT01','HT0114','HOPITAL','AUTRES HOPITAUX','P!tion-ville','Ouest'),(6,4,3,1,NULL,10,'HT01','HT0114','CENTRE DE SANTE SANS LIT','CENTRE DE SANTE SANS LIT','P!tion-ville','Ouest'),(4,3,3,1,8,24,'HT01','HT0114','HOPITAL','AUTRES HOPITAUX','P!tion-ville','Ouest'),(6,3,3,2,NULL,4,'HT01','HT0114','CENTRE DE SANTE SANS LIT','CENTRE DE SANTE SANS LIT','P!tion-ville','Ouest'),(6,3,3,1,3,4,'HT01','HT0114','CENTRE DE SANTE SANS LIT','CENTRE DE SANTE SANS LIT','P!tion-ville','Ouest'),(6,3,3,1,4,13,'HT01','HT0114','CENTRE DE SANTE SANS LIT','CENTRE DE SANTE SANS LIT','P!tion-ville','Ouest'),(3,3,3,1,63,117,'HT01','HT0114','HOPITAL','HOPITAL COMMUNAUTAIRE DE REFERENCE','P!tion-ville','Ouest'),(6,1,3,1,NULL,10,'HT01','HT0114','CENTRE DE SANTE SANS LIT','CENTRE DE SANTE SANS LIT','P!tion-ville','Ouest'),(7,3,3,2,4,19,'HT01','HT0114','DISPENSAIRE','DISPENSAIRE','P!tion-ville','Ouest'),(7,4,3,1,NULL,8,'HT01','HT0114','DISPENSAIRE','DISPENSAIRE','P!tion-ville','Ouest'),(6,4,3,1,NULL,6,'HT01','HT0114','CENTRE DE SANTE SANS LIT','CENTRE DE SANTE SANS LIT','P!tion-ville','Ouest'),(6,4,3,1,NULL,17,'HT01','HT0114','CENTRE DE SANTE SANS LIT','CENTRE DE SANTE SANS LIT','P!tion-ville','Ouest'),(6,3,3,1,4,7,'HT01','HT0114','CENTRE DE SANTE SANS LIT','CENTRE DE SANTE SANS LIT','P!tion-ville','Ouest'),(6,3,3,1,4,14,'HT01','HT0114','CENTRE DE SANTE SANS LIT','CENTRE DE SANTE SANS LIT','P!tion-ville','Ouest'),(6,3,3,1,NULL,5,'HT01','HT0114','CENTRE DE SANTE SANS LIT','CENTRE DE SANTE SANS LIT','P!tion-ville','Ouest'),(6,3,3,2,2,10,'HT01','HT0114','CENTRE DE SANTE SANS LIT','CENTRE DE SANTE SANS LIT','P!tion-ville','Ouest'),(7,3,3,2,NULL,8,'HT01','HT0115','DISPENSAIRE','DISPENSAIRE','Kenscoff','Ouest'),(6,1,3,1,NULL,13,'HT01','HT0115','CENTRE DE SANTE SANS LIT','CENTRE DE SANTE SANS LIT','Kenscoff','Ouest'),(7,1,3,2,NULL,6,'HT01','HT0115','DISPENSAIRE','DISPENSAIRE','Kenscoff','Ouest'),(4,4,3,1,64,87,'HT01','HT0115','HOPITAL','AUTRES HOPITAUX','Kenscoff','Ouest'),(7,2,3,2,NULL,4,'HT01','HT0115','DISPENSAIRE','DISPENSAIRE','Kenscoff','Ouest'),(7,4,3,2,NULL,6,'HT01','HT0115','DISPENSAIRE','DISPENSAIRE','Kenscoff','Ouest'),(7,3,3,2,NULL,10,'HT01','HT0115','DISPENSAIRE','DISPENSAIRE','Kenscoff','Ouest'),(7,3,3,2,NULL,6,'HT01','HT0115','DISPENSAIRE','DISPENSAIRE','Kenscoff','Ouest'),(7,1,3,2,NULL,1,'HT01','HT0115','DISPENSAIRE','DISPENSAIRE','Kenscoff','Ouest'),(7,3,3,2,NULL,1,'HT01','HT0115','DISPENSAIRE','DISPENSAIRE','Kenscoff','Ouest'),(5,3,3,2,2,8,'HT01','HT0116','CENTRE DE SANTE AVEC LIT','CENTRE DE SANTE AVEC LIT','Gressier','Ouest'),(6,3,3,2,NULL,5,'HT01','HT0116','CENTRE DE SANTE SANS LIT','CENTRE DE SANTE SANS LIT','Gressier','Ouest'),(5,1,3,1,14,51,'HT01','HT0116','CENTRE DE SANTE AVEC LIT','CENTRE DE SANTE AVEC LIT','Gressier','Ouest'),(7,2,3,2,NULL,7,'HT01','HT0116','DISPENSAIRE','DISPENSAIRE','Gressier','Ouest'),(6,3,NULL,NULL,NULL,NULL,'HT01','HT0116','CENTRE DE SANTE SANS LIT','CENTRE DE SANTE SANS LIT','Gressier','Ouest'),(6,2,1,1,NULL,13,'HT01','HT0116','CENTRE DE SANTE SANS LIT','CENTRE DE SANTE SANS LIT','Gressier','Ouest'),(6,2,3,2,NULL,6,'HT01','HT0116','CENTRE DE SANTE SANS LIT','CENTRE DE SANTE SANS LIT','Gressier','Ouest'),(7,3,3,1,25,11,'HT01','HT0116','DISPENSAIRE','DISPENSAIRE','Gressier','Ouest'),(5,3,3,2,NULL,9,'HT01','HT0116','CENTRE DE SANTE AVEC LIT','CENTRE DE SANTE AVEC LIT','Gressier','Ouest'),(7,3,3,2,NULL,5,'HT05','HT0542','DISPENSAIRE','DISPENSAIRE','L!og!ne','Ouest'),(7,3,3,2,NULL,4,'HT05','HT0542','DISPENSAIRE','DISPENSAIRE','L!og!ne','Ouest'),(6,4,3,2,NULL,5,'HT05','HT0542','CENTRE DE SANTE SANS LIT','CENTRE DE SANTE SANS LIT','L!og!ne','Ouest'),(6,4,3,2,NULL,5,'HT05','HT0542','CENTRE DE SANTE SANS LIT','CENTRE DE SANTE SANS LIT','L!og!ne','Ouest'),(5,1,3,1,3,9,'HT05','HT0542','CENTRE DE SANTE AVEC LIT','CENTRE DE SANTE AVEC LIT','L!og!ne','Ouest'),(6,3,3,1,NULL,4,'HT05','HT0542','CENTRE DE SANTE SANS LIT','CENTRE DE SANTE SANS LIT','L!og!ne','Ouest'),(3,1,1,1,100,89,'HT05','HT0542','HOPITAL','HOPITAL COMMUNAUTAIRE DE REFERENCE','L!og!ne','Ouest'),(6,1,1,1,NULL,17,'HT05','HT0542','CENTRE DE SANTE SANS LIT','CENTRE DE SANTE SANS LIT','L!og!ne','Ouest'),(3,3,NULL,NULL,NULL,NULL,'HT05','HT0542','HOPITAL','HOPITAL COMMUNAUTAIRE DE REFERENCE','L!og!ne','Ouest'),(5,1,NULL,NULL,NULL,NULL,'HT05','HT0542','CENTRE DE SANTE AVEC LIT','CENTRE DE SANTE AVEC LIT','L!og!ne','Ouest'),(6,2,3,1,NULL,5,'HT05','HT0542','CENTRE DE SANTE SANS LIT','CENTRE DE SANTE SANS LIT','L!og!ne','Ouest'),(6,4,3,1,NULL,9,'HT05','HT0542','CENTRE DE SANTE SANS LIT','CENTRE DE SANTE SANS LIT','L!og!ne','Ouest'),(6,4,3,1,NULL,5,'HT05','HT0542','CENTRE DE SANTE SANS LIT','CENTRE DE SANTE SANS LIT','L!og!ne','Ouest'),(4,3,1,1,16,32,'HT05','HT0542','HOPITAL','AUTRES HOPITAUX','L!og!ne','Ouest'),(6,3,3,2,NULL,6,'HT05','HT0542','CENTRE DE SANTE SANS LIT','CENTRE DE SANTE SANS LIT','L!og!ne','Ouest'),(4,1,3,1,60,35,'HT05','HT0542','HOPITAL','AUTRES HOPITAUX','L!og!ne','Ouest'),(7,4,3,2,1,11,'HT05','HT0542','DISPENSAIRE','DISPENSAIRE','L!og!ne','Ouest'),(3,1,1,1,72,87,'HT01','HT0122','HOPITAL','HOPITAL COMMUNAUTAIRE DE REFERENCE','Petit-Go!ve','Ouest'),(7,2,3,2,NULL,1,'HT01','HT0122','DISPENSAIRE','DISPENSAIRE','Petit-Go!ve','Ouest'),(6,1,3,1,4,8,'HT01','HT0122','CENTRE DE SANTE SANS LIT','CENTRE DE SANTE SANS LIT','Petit-Go!ve','Ouest'),(6,1,3,1,3,3,'HT01','HT0122','CENTRE DE SANTE SANS LIT','CENTRE DE SANTE SANS LIT','Petit-Go!ve','Ouest'),(7,1,3,1,2,12,'HT01','HT0122','DISPENSAIRE','DISPENSAIRE','Petit-Go!ve','Ouest'),(6,3,3,1,2,18,'HT01','HT0122','CENTRE DE SANTE SANS LIT','CENTRE DE SANTE SANS LIT','Petit-Go!ve','Ouest'),(6,4,1,1,4,52,'HT01','HT0122','CENTRE DE SANTE SANS LIT','CENTRE DE SANTE SANS LIT','Petit-Go!ve','Ouest'),(6,3,3,1,4,9,'HT01','HT0122','CENTRE DE SANTE SANS LIT','CENTRE DE SANTE SANS LIT','Petit-Go!ve','Ouest'),(3,1,1,1,13,39,'HT01','HT0123','HOPITAL','HOPITAL COMMUNAUTAIRE DE REFERENCE','Grand-Go!ve','Ouest'),(7,1,3,2,2,12,'HT01','HT0123','DISPENSAIRE','DISPENSAIRE','Grand-Go!ve','Ouest'),(5,1,3,2,NULL,2,'HT01','HT0123','CENTRE DE SANTE AVEC LIT','CENTRE DE SANTE AVEC LIT','Grand-Go!ve','Ouest'),(7,1,3,2,NULL,3,'HT01','HT0123','DISPENSAIRE','DISPENSAIRE','Grand-Go!ve','Ouest'),(7,1,3,2,NULL,3,'HT01','HT0123','DISPENSAIRE','DISPENSAIRE','Grand-Go!ve','Ouest'),(6,2,3,1,2,7,'HT01','HT0131','CENTRE DE SANTE SANS LIT','CENTRE DE SANTE SANS LIT','Croix-des-Bouquets','Ouest'),(4,3,1,1,90,94,'HT01','HT0131','HOPITAL','AUTRES HOPITAUX','Croix-des-Bouquets','Ouest'),(6,2,3,1,NULL,25,'HT01','HT0131','CENTRE DE SANTE SANS LIT','CENTRE DE SANTE SANS LIT','Croix-des-Bouquets','Ouest'),(6,2,3,1,NULL,19,'HT01','HT0131','CENTRE DE SANTE SANS LIT','CENTRE DE SANTE SANS LIT','Croix-des-Bouquets','Ouest'),(4,2,3,1,11,21,'HT01','HT0131','HOPITAL','AUTRES HOPITAUX','Croix-des-Bouquets','Ouest'),(5,4,3,1,5,26,'HT01','HT0131','CENTRE DE SANTE AVEC LIT','CENTRE DE SANTE AVEC LIT','Croix-des-Bouquets','Ouest'),(6,2,3,1,NULL,3,'HT01','HT0131','CENTRE DE SANTE SANS LIT','CENTRE DE SANTE SANS LIT','Croix-des-Bouquets','Ouest'),(7,2,3,1,NULL,6,'HT01','HT0131','DISPENSAIRE','DISPENSAIRE','Croix-des-Bouquets','Ouest'),(5,3,1,1,26,55,'HT01','HT0131','CENTRE DE SANTE AVEC LIT','CENTRE DE SANTE AVEC LIT','Croix-des-Bouquets','Ouest'),(6,4,3,2,NULL,11,'HT01','HT0131','CENTRE DE SANTE SANS LIT','CENTRE DE SANTE SANS LIT','Croix-des-Bouquets','Ouest'),(4,3,3,1,10,30,'HT01','HT0131','HOPITAL','AUTRES HOPITAUX','Croix-des-Bouquets','Ouest'),(4,3,1,1,22,48,'HT01','HT0131','HOPITAL','AUTRES HOPITAUX','Croix-des-Bouquets','Ouest'),(6,4,3,1,5,9,'HT01','HT0131','CENTRE DE SANTE SANS LIT','CENTRE DE SANTE SANS LIT','Croix-des-Bouquets','Ouest'),(5,3,3,1,5,18,'HT01','HT0131','CENTRE DE SANTE AVEC LIT','CENTRE DE SANTE AVEC LIT','Croix-des-Bouquets','Ouest'),(5,2,3,1,24,14,'HT01','HT0131','CENTRE DE SANTE AVEC LIT','CENTRE DE SANTE AVEC LIT','Croix-des-Bouquets','Ouest'),(6,2,3,1,10,13,'HT01','HT0131','CENTRE DE SANTE SANS LIT','CENTRE DE SANTE SANS LIT','Croix-des-Bouquets','Ouest'),(5,3,3,1,3,3,'HT01','HT0131','CENTRE DE SANTE AVEC LIT','CENTRE DE SANTE AVEC LIT','Croix-des-Bouquets','Ouest'),(5,1,1,1,2,50,'HT01','HT0131','CENTRE DE SANTE AVEC LIT','CENTRE DE SANTE AVEC LIT','Croix-des-Bouquets','Ouest'),(6,2,1,2,NULL,31,'HT01','HT0131','CENTRE DE SANTE SANS LIT','CENTRE DE SANTE SANS LIT','Croix-des-Bouquets','Ouest'),(5,3,1,2,7,2,'HT01','HT0131','CENTRE DE SANTE AVEC LIT','CENTRE DE SANTE AVEC LIT','Croix-des-Bouquets','Ouest'),(6,4,3,1,NULL,7,'HT01','HT0131','CENTRE DE SANTE SANS LIT','CENTRE DE SANTE SANS LIT','Croix-des-Bouquets','Ouest'),(5,3,1,1,1,9,'HT01','HT0131','CENTRE DE SANTE AVEC LIT','CENTRE DE SANTE AVEC LIT','Croix-des-Bouquets','Ouest'),(6,4,3,1,3,22,'HT01','HT0131','CENTRE DE SANTE SANS LIT','CENTRE DE SANTE SANS LIT','Croix-des-Bouquets','Ouest'),(5,3,1,1,NULL,13,'HT01','HT0131','CENTRE DE SANTE AVEC LIT','CENTRE DE SANTE AVEC LIT','Croix-des-Bouquets','Ouest'),(6,3,3,2,3,14,'HT01','HT0131','CENTRE DE SANTE SANS LIT','CENTRE DE SANTE SANS LIT','Croix-des-Bouquets','Ouest'),(4,1,3,2,105,16,'HT01','HT0131','HOPITAL','AUTRES HOPITAUX','Croix-des-Bouquets','Ouest'),(3,1,3,1,36,100,'HT01','HT0131','HOPITAL','HOPITAL COMMUNAUTAIRE DE REFERENCE','Croix-des-Bouquets','Ouest'),(6,4,3,1,12,12,'HT01','HT0131','CENTRE DE SANTE SANS LIT','CENTRE DE SANTE SANS LIT','Croix-des-Bouquets','Ouest'),(3,1,3,1,44,136,'HT01','HT0131','HOPITAL','HOPITAL COMMUNAUTAIRE DE REFERENCE','Croix-des-Bouquets','Ouest'),(5,1,3,1,10,47,'HT01','HT0132','CENTRE DE SANTE AVEC LIT','CENTRE DE SANTE AVEC LIT','Thomazeau','Ouest'),(6,2,1,2,NULL,4,'HT01','HT0132','CENTRE DE SANTE SANS LIT','CENTRE DE SANTE SANS LIT','Thomazeau','Ouest'),(5,2,3,2,NULL,4,'HT01','HT0133','CENTRE DE SANTE AVEC LIT','CENTRE DE SANTE AVEC LIT','Ganthier','Ouest'),(7,2,3,2,NULL,2,'HT01','HT0133','DISPENSAIRE','DISPENSAIRE','Ganthier','Ouest'),(6,3,3,1,6,22,'HT01','HT0133','CENTRE DE SANTE SANS LIT','CENTRE DE SANTE SANS LIT','Ganthier','Ouest'),(6,1,3,2,NULL,7,'HT01','HT0133','CENTRE DE SANTE SANS LIT','CENTRE DE SANTE SANS LIT','Ganthier','Ouest'),(4,3,1,1,24,30,'HT01','HT0133','HOPITAL','AUTRES HOPITAUX','Ganthier','Ouest'),(6,2,1,1,NULL,19,'HT01','HT0133','CENTRE DE SANTE SANS LIT','CENTRE DE SANTE SANS LIT','Ganthier','Ouest'),(6,2,3,2,NULL,2,'HT01','HT0133','CENTRE DE SANTE SANS LIT','CENTRE DE SANTE SANS LIT','Ganthier','Ouest'),(6,1,3,1,NULL,7,'HT01','HT0133','CENTRE DE SANTE SANS LIT','CENTRE DE SANTE SANS LIT','Ganthier','Ouest'),(7,1,3,2,NULL,4,'HT01','HT0134','DISPENSAIRE','DISPENSAIRE','Cornillon','Ouest'),(5,2,1,2,10,26,'HT01','HT0134','CENTRE DE SANTE AVEC LIT','CENTRE DE SANTE AVEC LIT','Cornillon','Ouest'),(6,1,3,1,2,43,'HT01','HT0134','CENTRE DE SANTE SANS LIT','CENTRE DE SANTE SANS LIT','Cornillon','Ouest'),(7,3,2,2,3,2,'HT01','HT0135','DISPENSAIRE','DISPENSAIRE','Fonds-Verrettes','Ouest'),(7,2,3,2,1,3,'HT01','HT0135','DISPENSAIRE','DISPENSAIRE','Fonds-Verrettes','Ouest'),(5,1,3,2,3,16,'HT01','HT0135','CENTRE DE SANTE AVEC LIT','CENTRE DE SANTE AVEC LIT','Fonds-Verrettes','Ouest'),(4,3,3,1,15,29,'HT01','HT0141','HOPITAL','AUTRES HOPITAUX','Arcahaie','Ouest'),(7,3,3,1,3,3,'HT01','HT0141','DISPENSAIRE','DISPENSAIRE','Arcahaie','Ouest'),(3,1,3,1,20,45,'HT01','HT0141','HOPITAL','HOPITAL COMMUNAUTAIRE DE REFERENCE','Arcahaie','Ouest'),(6,2,3,1,3,64,'HT01','HT0141','CENTRE DE SANTE SANS LIT','CENTRE DE SANTE SANS LIT','Arcahaie','Ouest'),(7,1,3,1,NULL,6,'HT01','HT0141','DISPENSAIRE','DISPENSAIRE','Arcahaie','Ouest'),(7,2,3,1,NULL,11,'HT01','HT0141','DISPENSAIRE','DISPENSAIRE','Arcahaie','Ouest'),(6,4,3,1,1,18,'HT01','HT0141','CENTRE DE SANTE SANS LIT','CENTRE DE SANTE SANS LIT','Arcahaie','Ouest'),(6,2,3,1,15,9,'HT01','HT0141','CENTRE DE SANTE SANS LIT','CENTRE DE SANTE SANS LIT','Arcahaie','Ouest'),(7,1,3,1,NULL,25,'HT01','HT0141','DISPENSAIRE','DISPENSAIRE','Arcahaie','Ouest'),(6,3,3,1,5,4,'HT01','HT0142','CENTRE DE SANTE SANS LIT','CENTRE DE SANTE SANS LIT','Cabaret','Ouest'),(6,1,3,1,NULL,22,'HT01','HT0142','CENTRE DE SANTE SANS LIT','CENTRE DE SANTE SANS LIT','Cabaret','Ouest'),(6,2,3,1,NULL,29,'HT01','HT0142','CENTRE DE SANTE SANS LIT','CENTRE DE SANTE SANS LIT','Cabaret','Ouest'),(6,3,3,1,40,13,'HT01','HT0142','CENTRE DE SANTE SANS LIT','CENTRE DE SANTE SANS LIT','Cabaret','Ouest'),(6,1,3,1,NULL,23,'HT01','HT0142','CENTRE DE SANTE SANS LIT','CENTRE DE SANTE SANS LIT','Cabaret','Ouest'),(6,3,3,1,NULL,20,'HT01','HT0142','CENTRE DE SANTE SANS LIT','CENTRE DE SANTE SANS LIT','Cabaret','Ouest'),(6,3,3,1,2,3,'HT01','HT0142','CENTRE DE SANTE SANS LIT','CENTRE DE SANTE SANS LIT','Cabaret','Ouest'),(5,4,3,1,NULL,7,'HT01','HT0142','CENTRE DE SANTE AVEC LIT','CENTRE DE SANTE AVEC LIT','Cabaret','Ouest'),(6,4,1,1,NULL,16,'HT01','HT0142','CENTRE DE SANTE SANS LIT','CENTRE DE SANTE SANS LIT','Cabaret','Ouest'),(5,4,3,1,4,31,'HT01','HT0151','CENTRE DE SANTE AVEC LIT','CENTRE DE SANTE AVEC LIT','Anse-!-Galets','Ouest'),(3,4,1,1,50,51,'HT01','HT0151','HOPITAL','HOPITAL COMMUNAUTAIRE DE REFERENCE','Anse-!-Galets','Ouest'),(5,3,3,1,5,10,'HT01','HT0151','CENTRE DE SANTE AVEC LIT','CENTRE DE SANTE AVEC LIT','Anse-!-Galets','Ouest'),(6,4,3,2,1,4,'HT01','HT0151','CENTRE DE SANTE SANS LIT','CENTRE DE SANTE SANS LIT','Anse-!-Galets','Ouest'),(6,1,3,2,NULL,1,'HT01','HT0151','CENTRE DE SANTE SANS LIT','CENTRE DE SANTE SANS LIT','Anse-!-Galets','Ouest'),(7,2,3,1,4,3,'HT01','HT0151','DISPENSAIRE','DISPENSAIRE','Anse-!-Galets','Ouest'),(7,3,3,2,3,4,'HT01','HT0151','DISPENSAIRE','DISPENSAIRE','Anse-!-Galets','Ouest'),(7,2,3,2,NULL,5,'HT01','HT0152','DISPENSAIRE','DISPENSAIRE','Pointe-!-Raquettes','Ouest'),(7,4,3,2,4,1,'HT01','HT0152','DISPENSAIRE','DISPENSAIRE','Pointe-!-Raquettes','Ouest'),(5,4,3,1,7,9,'HT01','HT0152','CENTRE DE SANTE AVEC LIT','CENTRE DE SANTE AVEC LIT','Pointe-!-Raquettes','Ouest'),(5,2,2,1,3,6,'HT01','HT0152','CENTRE DE SANTE AVEC LIT','CENTRE DE SANTE AVEC LIT','Pointe-!-Raquettes','Ouest'),(7,1,3,2,4,3,'HT01','HT0152','DISPENSAIRE','DISPENSAIRE','Pointe-!-Raquettes','Ouest'),(6,3,NULL,NULL,NULL,NULL,'HT01','HT0152','CENTRE DE SANTE SANS LIT','CENTRE DE SANTE SANS LIT','Pointe-!-Raquettes','Ouest'),(7,1,3,2,1,1,'HT02','HT0211','DISPENSAIRE','DISPENSAIRE','Jacmel','Sud\'est'),(7,1,3,1,NULL,2,'HT02','HT0211','DISPENSAIRE','DISPENSAIRE','Jacmel','Sud\'est'),(7,2,3,2,2,3,'HT02','HT0211','DISPENSAIRE','DISPENSAIRE','Jacmel','Sud\'est'),(7,1,3,2,NULL,4,'HT02','HT0211','DISPENSAIRE','DISPENSAIRE','Jacmel','Sud\'est'),(4,3,3,1,15,19,'HT02','HT0211','HOPITAL','AUTRES HOPITAUX','Jacmel','Sud\'est'),(6,1,3,1,1,4,'HT02','HT0211','CENTRE DE SANTE SANS LIT','CENTRE DE SANTE SANS LIT','Jacmel','Sud\'est'),(6,1,3,1,NULL,6,'HT02','HT0211','CENTRE DE SANTE SANS LIT','CENTRE DE SANTE SANS LIT','Jacmel','Sud\'est'),(6,1,3,2,3,7,'HT02','HT0211','CENTRE DE SANTE SANS LIT','CENTRE DE SANTE SANS LIT','Jacmel','Sud\'est'),(5,2,2,1,12,17,'HT02','HT0211','CENTRE DE SANTE AVEC LIT','CENTRE DE SANTE AVEC LIT','Jacmel','Sud\'est'),(6,2,3,1,NULL,7,'HT02','HT0211','CENTRE DE SANTE SANS LIT','CENTRE DE SANTE SANS LIT','Jacmel','Sud\'est'),(6,2,1,1,2,9,'HT02','HT0211','CENTRE DE SANTE SANS LIT','CENTRE DE SANTE SANS LIT','Jacmel','Sud\'est'),(5,3,3,2,NULL,6,'HT02','HT0211','CENTRE DE SANTE AVEC LIT','CENTRE DE SANTE AVEC LIT','Jacmel','Sud\'est'),(6,1,3,2,4,4,'HT02','HT0211','CENTRE DE SANTE SANS LIT','CENTRE DE SANTE SANS LIT','Jacmel','Sud\'est'),(6,2,3,2,2,10,'HT02','HT0211','CENTRE DE SANTE SANS LIT','CENTRE DE SANTE SANS LIT','Jacmel','Sud\'est'),(2,1,3,1,85,172,'HT02','HT0211','HOPITAL','HOPITAL DEPARTEMENTAL','Jacmel','Sud\'est'),(6,2,3,1,NULL,6,'HT02','HT0211','CENTRE DE SANTE SANS LIT','CENTRE DE SANTE SANS LIT','Jacmel','Sud\'est'),(7,1,3,1,NULL,1,'HT02','HT0211','DISPENSAIRE','DISPENSAIRE','Jacmel','Sud\'est'),(7,3,3,2,NULL,2,'HT02','HT0211','DISPENSAIRE','DISPENSAIRE','Jacmel','Sud\'est'),(6,1,1,1,5,29,'HT02','HT0212','CENTRE DE SANTE SANS LIT','CENTRE DE SANTE SANS LIT','Marigot','Sud\'est'),(7,1,3,1,3,5,'HT02','HT0212','DISPENSAIRE','DISPENSAIRE','Marigot','Sud\'est'),(6,3,3,1,5,14,'HT02','HT0212','CENTRE DE SANTE SANS LIT','CENTRE DE SANTE SANS LIT','Marigot','Sud\'est'),(3,1,1,1,8,31,'HT02','HT0213','HOPITAL','HOPITAL COMMUNAUTAIRE DE REFERENCE','Cayes-Jacmel','Sud\'est'),(5,2,3,1,12,11,'HT02','HT0213','CENTRE DE SANTE AVEC LIT','CENTRE DE SANTE AVEC LIT','Cayes-Jacmel','Sud\'est'),(5,1,3,2,NULL,4,'HT02','HT0213','CENTRE DE SANTE AVEC LIT','CENTRE DE SANTE AVEC LIT','Cayes-Jacmel','Sud\'est'),(7,1,3,1,NULL,4,'HT02','HT0213','DISPENSAIRE','DISPENSAIRE','Cayes-Jacmel','Sud\'est'),(5,1,3,1,14,20,'HT02','HT0214','CENTRE DE SANTE AVEC LIT','CENTRE DE SANTE AVEC LIT','La Vall!e','Sud\'est'),(7,4,3,2,NULL,7,'HT02','HT0221','DISPENSAIRE','DISPENSAIRE','Bainet','Sud\'est'),(7,1,3,2,NULL,5,'HT02','HT0221','DISPENSAIRE','DISPENSAIRE','Bainet','Sud\'est'),(7,1,3,2,NULL,5,'HT02','HT0221','DISPENSAIRE','DISPENSAIRE','Bainet','Sud\'est'),(5,1,2,1,11,20,'HT02','HT0221','CENTRE DE SANTE AVEC LIT','CENTRE DE SANTE AVEC LIT','Bainet','Sud\'est'),(7,1,3,2,NULL,6,'HT02','HT0221','DISPENSAIRE','DISPENSAIRE','Bainet','Sud\'est'),(7,1,3,2,NULL,10,'HT02','HT0221','DISPENSAIRE','DISPENSAIRE','Bainet','Sud\'est'),(7,3,3,1,NULL,6,'HT02','HT0221','DISPENSAIRE','DISPENSAIRE','Bainet','Sud\'est'),(7,1,3,2,NULL,5,'HT02','HT0221','DISPENSAIRE','DISPENSAIRE','Bainet','Sud\'est'),(6,1,3,2,1,7,'HT02','HT0221','CENTRE DE SANTE SANS LIT','CENTRE DE SANTE SANS LIT','Bainet','Sud\'est'),(6,4,3,1,NULL,24,'HT02','HT0222','CENTRE DE SANTE SANS LIT','CENTRE DE SANTE SANS LIT','C!tes-de-Fer','Sud\'est'),(7,3,3,1,NULL,3,'HT02','HT0222','DISPENSAIRE','DISPENSAIRE','C!tes-de-Fer','Sud\'est'),(7,2,3,2,NULL,2,'HT02','HT0222','DISPENSAIRE','DISPENSAIRE','C!tes-de-Fer','Sud\'est'),(7,2,3,2,NULL,4,'HT02','HT0222','DISPENSAIRE','DISPENSAIRE','C!tes-de-Fer','Sud\'est'),(7,4,3,2,NULL,7,'HT02','HT0222','DISPENSAIRE','DISPENSAIRE','C!tes-de-Fer','Sud\'est'),(5,2,1,1,11,13,'HT02','HT0222','CENTRE DE SANTE AVEC LIT','CENTRE DE SANTE AVEC LIT','C!tes-de-Fer','Sud\'est'),(6,1,NULL,NULL,NULL,NULL,'HT02','HT0222','CENTRE DE SANTE SANS LIT','CENTRE DE SANTE SANS LIT','C!tes-de-Fer','Sud\'est'),(7,4,3,2,NULL,1,'HT02','HT0222','DISPENSAIRE','DISPENSAIRE','C!tes-de-Fer','Sud\'est'),(6,2,3,1,NULL,8,'HT02','HT0231','CENTRE DE SANTE SANS LIT','CENTRE DE SANTE SANS LIT','Belle-Anse','Sud\'est'),(6,1,3,2,NULL,4,'HT02','HT0231','CENTRE DE SANTE SANS LIT','CENTRE DE SANTE SANS LIT','Belle-Anse','Sud\'est'),(5,1,1,1,3,13,'HT02','HT0231','CENTRE DE SANTE AVEC LIT','CENTRE DE SANTE AVEC LIT','Belle-Anse','Sud\'est'),(7,1,3,1,NULL,5,'HT02','HT0231','DISPENSAIRE','DISPENSAIRE','Belle-Anse','Sud\'est'),(7,1,3,1,NULL,5,'HT02','HT0232','DISPENSAIRE','DISPENSAIRE','Grand-Gosier','Sud\'est'),(6,3,3,2,NULL,1,'HT02','HT0232','CENTRE DE SANTE SANS LIT','CENTRE DE SANTE SANS LIT','Grand-Gosier','Sud\'est'),(7,4,3,1,NULL,1,'HT02','HT0233','DISPENSAIRE','DISPENSAIRE','Thiotte','Sud\'est'),(6,4,3,2,1,2,'HT02','HT0233','CENTRE DE SANTE SANS LIT','CENTRE DE SANTE SANS LIT','Thiotte','Sud\'est'),(5,2,1,1,7,16,'HT02','HT0233','CENTRE DE SANTE AVEC LIT','CENTRE DE SANTE AVEC LIT','Thiotte','Sud\'est'),(6,1,1,1,4,19,'HT02','HT0233','CENTRE DE SANTE SANS LIT','CENTRE DE SANTE SANS LIT','Thiotte','Sud\'est'),(7,1,3,2,NULL,4,'HT02','HT0233','DISPENSAIRE','DISPENSAIRE','Thiotte','Sud\'est'),(7,1,3,2,2,5,'HT02','HT0233','DISPENSAIRE','DISPENSAIRE','Thiotte','Sud\'est'),(5,1,1,1,30,17,'HT02','HT0234','CENTRE DE SANTE AVEC LIT','CENTRE DE SANTE AVEC LIT','Anse-!-Pitres','Sud\'est'),(7,1,3,2,NULL,4,'HT02','HT0234','DISPENSAIRE','DISPENSAIRE','Anse-!-Pitres','Sud\'est'),(5,3,3,2,3,6,'HT02','HT0234','CENTRE DE SANTE AVEC LIT','CENTRE DE SANTE AVEC LIT','Anse-!-Pitres','Sud\'est'),(6,2,3,1,NULL,16,'HT03','HT0311','CENTRE DE SANTE SANS LIT','CENTRE DE SANTE SANS LIT','Cap-Ha!tien','Nord'),(6,4,3,1,NULL,13,'HT03','HT0311','CENTRE DE SANTE SANS LIT','CENTRE DE SANTE SANS LIT','Cap-Ha!tien','Nord'),(6,1,3,2,NULL,3,'HT03','HT0311','CENTRE DE SANTE SANS LIT','CENTRE DE SANTE SANS LIT','Cap-Ha!tien','Nord'),(7,3,3,1,NULL,7,'HT03','HT0311','DISPENSAIRE','DISPENSAIRE','Cap-Ha!tien','Nord'),(6,3,3,1,NULL,4,'HT03','HT0311','CENTRE DE SANTE SANS LIT','CENTRE DE SANTE SANS LIT','Cap-Ha!tien','Nord'),(4,3,1,1,10,24,'HT03','HT0311','HOPITAL','AUTRES HOPITAUX','Cap-Ha!tien','Nord'),(6,2,3,1,NULL,5,'HT03','HT0311','CENTRE DE SANTE SANS LIT','CENTRE DE SANTE SANS LIT','Cap-Ha!tien','Nord'),(6,3,3,1,NULL,4,'HT03','HT0311','CENTRE DE SANTE SANS LIT','CENTRE DE SANTE SANS LIT','Cap-Ha!tien','Nord'),(1,1,3,1,125,183,'HT03','HT0311','HOPITAL','HOPITAL UNIVERSITAIRE','Cap-Ha!tien','Nord'),(6,4,3,1,NULL,50,'HT03','HT0311','CENTRE DE SANTE SANS LIT','CENTRE DE SANTE SANS LIT','Cap-Ha!tien','Nord'),(7,3,3,1,NULL,3,'HT03','HT0311','DISPENSAIRE','DISPENSAIRE','Cap-Ha!tien','Nord'),(3,4,2,1,7,53,'HT03','HT0311','HOPITAL','HOPITAL COMMUNAUTAIRE DE REFERENCE','Cap-Ha!tien','Nord'),(5,3,3,1,2,8,'HT03','HT0311','CENTRE DE SANTE AVEC LIT','CENTRE DE SANTE AVEC LIT','Cap-Ha!tien','Nord'),(5,1,3,1,NULL,20,'HT03','HT0312','CENTRE DE SANTE AVEC LIT','CENTRE DE SANTE AVEC LIT','Quartier-Morin','Nord'),(3,3,1,1,90,109,'HT03','HT0312','HOPITAL','HOPITAL COMMUNAUTAIRE DE REFERENCE','Quartier-Morin','Nord'),(7,4,3,1,NULL,9,'HT03','HT0312','DISPENSAIRE','DISPENSAIRE','Quartier-Morin','Nord'),(7,1,3,2,NULL,4,'HT03','HT0312','DISPENSAIRE','DISPENSAIRE','Quartier-Morin','Nord'),(7,1,3,1,10,9,'HT03','HT0312','DISPENSAIRE','DISPENSAIRE','Quartier-Morin','Nord'),(7,3,3,2,NULL,5,'HT03','HT0312','DISPENSAIRE','DISPENSAIRE','Quartier-Morin','Nord'),(6,4,3,1,NULL,4,'HT03','HT0313','CENTRE DE SANTE SANS LIT','CENTRE DE SANTE SANS LIT','Limonade','Nord'),(6,3,3,1,8,14,'HT03','HT0313','CENTRE DE SANTE SANS LIT','CENTRE DE SANTE SANS LIT','Limonade','Nord'),(6,1,3,1,NULL,25,'HT03','HT0313','CENTRE DE SANTE SANS LIT','CENTRE DE SANTE SANS LIT','Limonade','Nord'),(6,2,3,1,6,8,'HT03','HT0313','CENTRE DE SANTE SANS LIT','CENTRE DE SANTE SANS LIT','Limonade','Nord'),(6,3,3,1,NULL,3,'HT03','HT0313','CENTRE DE SANTE SANS LIT','CENTRE DE SANTE SANS LIT','Limonade','Nord'),(7,1,3,2,NULL,8,'HT03','HT0321','DISPENSAIRE','DISPENSAIRE','Acul-du-Nord','Nord'),(6,3,3,1,NULL,10,'HT03','HT0321','CENTRE DE SANTE SANS LIT','CENTRE DE SANTE SANS LIT','Acul-du-Nord','Nord'),(6,4,3,1,NULL,19,'HT03','HT0321','CENTRE DE SANTE SANS LIT','CENTRE DE SANTE SANS LIT','Acul-du-Nord','Nord'),(6,3,3,1,NULL,7,'HT03','HT0321','CENTRE DE SANTE SANS LIT','CENTRE DE SANTE SANS LIT','Acul-du-Nord','Nord'),(7,1,3,1,5,11,'HT03','HT0321','DISPENSAIRE','DISPENSAIRE','Acul-du-Nord','Nord'),(6,3,3,1,NULL,8,'HT03','HT0321','CENTRE DE SANTE SANS LIT','CENTRE DE SANTE SANS LIT','Acul-du-Nord','Nord'),(7,1,3,1,NULL,6,'HT03','HT0321','DISPENSAIRE','DISPENSAIRE','Acul-du-Nord','Nord'),(7,4,3,1,NULL,5,'HT03','HT0322','DISPENSAIRE','DISPENSAIRE','Plaine-du-Nord','Nord'),(6,3,3,1,15,43,'HT03','HT0322','CENTRE DE SANTE SANS LIT','CENTRE DE SANTE SANS LIT','Plaine-du-Nord','Nord'),(3,3,1,1,16,24,'HT03','HT0322','HOPITAL','HOPITAL COMMUNAUTAIRE DE REFERENCE','Plaine-du-Nord','Nord'),(3,3,1,1,25,22,'HT03','HT0322','HOPITAL','HOPITAL COMMUNAUTAIRE DE REFERENCE','Plaine-du-Nord','Nord'),(3,3,1,1,15,21,'HT03','HT0322','HOPITAL','HOPITAL COMMUNAUTAIRE DE REFERENCE','Plaine-du-Nord','Nord'),(7,1,3,1,NULL,8,'HT03','HT0322','DISPENSAIRE','DISPENSAIRE','Plaine-du-Nord','Nord'),(6,2,3,1,NULL,24,'HT03','HT0322','CENTRE DE SANTE SANS LIT','CENTRE DE SANTE SANS LIT','Plaine-du-Nord','Nord'),(6,4,3,1,NULL,8,'HT03','HT0322','CENTRE DE SANTE SANS LIT','CENTRE DE SANTE SANS LIT','Plaine-du-Nord','Nord'),(6,4,3,1,NULL,9,'HT03','HT0322','CENTRE DE SANTE SANS LIT','CENTRE DE SANTE SANS LIT','Plaine-du-Nord','Nord'),(6,2,3,1,15,11,'HT03','HT0322','CENTRE DE SANTE SANS LIT','CENTRE DE SANTE SANS LIT','Plaine-du-Nord','Nord'),(7,1,3,2,NULL,4,'HT03','HT0322','DISPENSAIRE','DISPENSAIRE','Plaine-du-Nord','Nord'),(7,3,3,1,NULL,7,'HT03','HT0323','DISPENSAIRE','DISPENSAIRE','Milot','Nord'),(4,3,1,1,100,222,'HT03','HT0323','HOPITAL','AUTRES HOPITAUX','Milot','Nord'),(6,2,3,1,2,10,'HT03','HT0323','CENTRE DE SANTE SANS LIT','CENTRE DE SANTE SANS LIT','Milot','Nord'),(7,1,3,2,NULL,6,'HT03','HT0323','DISPENSAIRE','DISPENSAIRE','Milot','Nord'),(7,3,3,1,3,6,'HT03','HT0331','DISPENSAIRE','DISPENSAIRE','Grande-Rivi!re','Nord'),(7,3,3,1,2,3,'HT03','HT0331','DISPENSAIRE','DISPENSAIRE','Grande-Rivi!re','Nord'),(3,1,1,1,16,53,'HT03','HT0331','HOPITAL','HOPITAL COMMUNAUTAIRE DE REFERENCE','Grande-Rivi!re','Nord'),(6,1,3,1,4,10,'HT03','HT0332','CENTRE DE SANTE SANS LIT','CENTRE DE SANTE SANS LIT','Bahon','Nord'),(7,3,3,1,1,7,'HT03','HT0332','DISPENSAIRE','DISPENSAIRE','Bahon','Nord'),(5,1,3,1,12,34,'HT03','HT0341','CENTRE DE SANTE AVEC LIT','CENTRE DE SANTE AVEC LIT','Saint-Rapha!l','Nord'),(7,2,3,1,NULL,8,'HT03','HT0341','DISPENSAIRE','DISPENSAIRE','Saint-Rapha!l','Nord'),(5,1,3,1,39,32,'HT03','HT0342','CENTRE DE SANTE AVEC LIT','CENTRE DE SANTE AVEC LIT','Dondon','Nord'),(7,3,3,1,NULL,7,'HT03','HT0342','DISPENSAIRE','DISPENSAIRE','Dondon','Nord'),(5,1,3,1,5,13,'HT03','HT0343','CENTRE DE SANTE AVEC LIT','CENTRE DE SANTE AVEC LIT','Ranquitte','Nord'),(6,1,3,1,NULL,5,'HT03','HT0343','CENTRE DE SANTE SANS LIT','CENTRE DE SANTE SANS LIT','Ranquitte','Nord'),(3,1,3,1,36,84,'HT03','HT0344','HOPITAL','HOPITAL COMMUNAUTAIRE DE REFERENCE','Pignon','Nord'),(7,2,3,1,NULL,13,'HT03','HT0344','DISPENSAIRE','DISPENSAIRE','Pignon','Nord'),(5,1,3,1,4,12,'HT03','HT0345','CENTRE DE SANTE AVEC LIT','CENTRE DE SANTE AVEC LIT','La Victoire','Nord'),(7,1,3,2,2,7,'HT03','HT0351','DISPENSAIRE','DISPENSAIRE','Borgne','Nord'),(5,1,3,1,3,5,'HT03','HT0351','CENTRE DE SANTE AVEC LIT','CENTRE DE SANTE AVEC LIT','Borgne','Nord'),(5,4,3,1,40,68,'HT03','HT0351','CENTRE DE SANTE AVEC LIT','CENTRE DE SANTE AVEC LIT','Borgne','Nord'),(6,3,3,1,NULL,17,'HT03','HT0352','CENTRE DE SANTE SANS LIT','CENTRE DE SANTE SANS LIT','Port-Margot','Nord'),(6,4,1,1,10,15,'HT03','HT0352','CENTRE DE SANTE SANS LIT','CENTRE DE SANTE SANS LIT','Port-Margot','Nord'),(7,1,NULL,NULL,NULL,NULL,'HT03','HT0352','DISPENSAIRE','DISPENSAIRE','Port-Margot','Nord'),(6,3,3,1,4,3,'HT03','HT0352','CENTRE DE SANTE SANS LIT','CENTRE DE SANTE SANS LIT','Port-Margot','Nord'),(5,2,3,1,6,15,'HT03','HT0352','CENTRE DE SANTE AVEC LIT','CENTRE DE SANTE AVEC LIT','Port-Margot','Nord'),(6,4,3,1,NULL,4,'HT03','HT0352','CENTRE DE SANTE SANS LIT','CENTRE DE SANTE SANS LIT','Port-Margot','Nord'),(6,1,3,1,4,6,'HT03','HT0352','CENTRE DE SANTE SANS LIT','CENTRE DE SANTE SANS LIT','Port-Margot','Nord'),(5,4,3,1,24,12,'HT03','HT0362','CENTRE DE SANTE AVEC LIT','CENTRE DE SANTE AVEC LIT','Limb!','Nord'),(6,1,3,1,1,4,'HT03','HT0362','CENTRE DE SANTE SANS LIT','CENTRE DE SANTE SANS LIT','Limb!','Nord'),(6,3,3,1,NULL,14,'HT03','HT0362','CENTRE DE SANTE SANS LIT','CENTRE DE SANTE SANS LIT','Limb!','Nord'),(4,3,3,1,45,32,'HT03','HT0362','HOPITAL','AUTRES HOPITAUX','Limb!','Nord'),(3,4,1,1,21,46,'HT03','HT0362','HOPITAL','HOPITAL COMMUNAUTAIRE DE REFERENCE','Limb!','Nord'),(7,1,3,1,NULL,5,'HT03','HT0362','DISPENSAIRE','DISPENSAIRE','Bas-Limb!','Nord'),(6,3,3,1,NULL,8,'HT03','HT0362','CENTRE DE SANTE SANS LIT','CENTRE DE SANTE SANS LIT','Bas-Limb!','Nord'),(7,3,3,1,NULL,7,'HT03','HT0371','DISPENSAIRE','DISPENSAIRE','Plaisance','Nord'),(7,2,3,2,NULL,2,'HT03','HT0371','DISPENSAIRE','DISPENSAIRE','Plaisance','Nord'),(7,4,3,1,NULL,7,'HT03','HT0371','DISPENSAIRE','DISPENSAIRE','Plaisance','Nord'),(2,2,1,1,72,82,'HT03','HT0372','HOPITAL','HOPITAL DEPARTEMENTAL','Pilate','Nord'),(6,2,3,1,NULL,9,'HT03','HT0372','CENTRE DE SANTE SANS LIT','CENTRE DE SANTE SANS LIT','Pilate','Nord'),(2,1,1,1,40,76,'HT04','HT0411','HOPITAL','HOPITAL DEPARTEMENTAL','Fort-Libert!','Nord\'Est'),(7,1,3,2,1,9,'HT04','HT0411','DISPENSAIRE','DISPENSAIRE','Fort-Libert!','Nord\'Est'),(7,1,3,2,6,3,'HT04','HT0411','DISPENSAIRE','DISPENSAIRE','Fort-Libert!','Nord\'Est'),(7,1,1,2,2,11,'HT04','HT0411','DISPENSAIRE','DISPENSAIRE','Fort-Libert!','Nord\'Est'),(7,1,3,1,NULL,23,'HT04','HT0412','DISPENSAIRE','DISPENSAIRE','Ferrier','Nord\'Est'),(7,1,3,2,1,5,'HT04','HT0412','DISPENSAIRE','DISPENSAIRE','Ferrier','Nord\'Est'),(7,1,3,2,NULL,1,'HT04','HT0412','DISPENSAIRE','DISPENSAIRE','Ferrier','Nord\'Est'),(7,1,3,2,NULL,18,'HT04','HT0413','DISPENSAIRE','DISPENSAIRE','Perches','Nord\'Est'),(7,1,3,2,2,6,'HT04','HT0413','DISPENSAIRE','DISPENSAIRE','Perches','Nord\'Est'),(5,1,3,1,10,70,'HT04','HT0421','CENTRE DE SANTE AVEC LIT','CENTRE DE SANTE AVEC LIT','Ouanaminthe','Nord\'Est'),(6,1,3,2,NULL,12,'HT04','HT0421','CENTRE DE SANTE SANS LIT','CENTRE DE SANTE SANS LIT','Ouanaminthe','Nord\'Est'),(5,3,3,1,15,41,'HT04','HT0421','CENTRE DE SANTE AVEC LIT','CENTRE DE SANTE AVEC LIT','Ouanaminthe','Nord\'Est'),(7,1,3,1,2,15,'HT04','HT0421','DISPENSAIRE','DISPENSAIRE','Ouanaminthe','Nord\'Est'),(7,1,3,1,NULL,14,'HT04','HT0421','DISPENSAIRE','DISPENSAIRE','Ouanaminthe','Nord\'Est'),(7,3,1,1,1,12,'HT04','HT0421','DISPENSAIRE','DISPENSAIRE','Ouanaminthe','Nord\'Est'),(7,1,1,2,NULL,8,'HT04','HT0421','DISPENSAIRE','DISPENSAIRE','Ouanaminthe','Nord\'Est'),(5,1,1,1,4,26,'HT04','HT0422','CENTRE DE SANTE AVEC LIT','CENTRE DE SANTE AVEC LIT','Capotille','Nord\'Est'),(7,1,3,2,NULL,10,'HT04','HT0422','DISPENSAIRE','DISPENSAIRE','Capotille','Nord\'Est'),(5,1,1,1,10,33,'HT04','HT0423','CENTRE DE SANTE AVEC LIT','CENTRE DE SANTE AVEC LIT','Mont-Organis!','Nord\'Est'),(7,4,3,1,NULL,16,'HT04','HT0431','DISPENSAIRE','DISPENSAIRE','Trou-du-Nord','Nord\'Est'),(4,1,1,1,59,49,'HT04','HT0431','HOPITAL','AUTRES HOPITAUX','Trou-du-Nord','Nord\'Est'),(7,1,3,1,NULL,14,'HT04','HT0431','DISPENSAIRE','DISPENSAIRE','Trou-du-Nord','Nord\'Est'),(7,1,3,1,1,21,'HT04','HT0431','DISPENSAIRE','DISPENSAIRE','Trou-du-Nord','Nord\'Est'),(6,1,3,1,NULL,19,'HT04','HT0432','CENTRE DE SANTE SANS LIT','CENTRE DE SANTE SANS LIT','Sainte-Suzanne','Nord\'Est'),(7,4,3,1,4,16,'HT04','HT0432','DISPENSAIRE','DISPENSAIRE','Sainte-Suzanne','Nord\'Est'),(6,4,3,1,5,23,'HT04','HT0433','CENTRE DE SANTE SANS LIT','CENTRE DE SANTE SANS LIT','Terrier-Rouge','Nord\'Est'),(7,1,3,2,1,2,'HT04','HT0433','DISPENSAIRE','DISPENSAIRE','Terrier-Rouge','Nord\'Est'),(6,3,1,1,NULL,11,'HT04','HT0433','CENTRE DE SANTE SANS LIT','CENTRE DE SANTE SANS LIT','Terrier-Rouge','Nord\'Est'),(5,3,3,1,3,10,'HT04','HT0433','CENTRE DE SANTE AVEC LIT','CENTRE DE SANTE AVEC LIT','Terrier-Rouge','Nord\'Est'),(7,3,3,1,3,6,'HT04','HT0433','DISPENSAIRE','DISPENSAIRE','Terrier-Rouge','Nord\'Est'),(6,4,2,1,3,15,'HT04','HT0433','CENTRE DE SANTE SANS LIT','CENTRE DE SANTE SANS LIT','Terrier-Rouge','Nord\'Est'),(6,4,1,1,2,12,'HT04','HT0434','CENTRE DE SANTE SANS LIT','CENTRE DE SANTE SANS LIT','Caracol','Nord\'Est'),(7,1,1,1,6,15,'HT04','HT0441','DISPENSAIRE','DISPENSAIRE','Valli!res','Nord\'Est'),(7,1,3,2,1,11,'HT04','HT0441','DISPENSAIRE','DISPENSAIRE','Valli!res','Nord\'Est'),(5,1,3,1,8,22,'HT04','HT0442','CENTRE DE SANTE AVEC LIT','CENTRE DE SANTE AVEC LIT','Carice','Nord\'Est'),(6,2,3,1,NULL,9,'HT04','HT0442','CENTRE DE SANTE SANS LIT','CENTRE DE SANTE SANS LIT','Carice','Nord\'Est'),(7,1,3,2,NULL,4,'HT04','HT0442','DISPENSAIRE','DISPENSAIRE','Carice','Nord\'Est'),(5,1,1,1,14,37,'HT04','HT0443','CENTRE DE SANTE AVEC LIT','CENTRE DE SANTE AVEC LIT','Mombin-Crochu','Nord\'Est'),(5,1,3,1,1,25,'HT04','HT0443','CENTRE DE SANTE AVEC LIT','CENTRE DE SANTE AVEC LIT','Mombin-Crochu','Nord\'Est'),(5,4,3,1,13,18,'HT05','HT0511','CENTRE DE SANTE AVEC LIT','CENTRE DE SANTE AVEC LIT','Gona!ves','Artibonite'),(3,1,3,1,5,65,'HT05','HT0511','HOPITAL','HOPITAL COMMUNAUTAIRE DE REFERENCE','Gona!ves','Artibonite'),(6,1,3,1,NULL,25,'HT05','HT0511','CENTRE DE SANTE SANS LIT','CENTRE DE SANTE SANS LIT','Gona!ves','Artibonite'),(6,1,3,1,NULL,8,'HT05','HT0511','CENTRE DE SANTE SANS LIT','CENTRE DE SANTE SANS LIT','Gona!ves','Artibonite'),(6,1,3,1,6,47,'HT05','HT0511','CENTRE DE SANTE SANS LIT','CENTRE DE SANTE SANS LIT','Gona!ves','Artibonite'),(7,2,3,1,NULL,21,'HT05','HT0511','DISPENSAIRE','DISPENSAIRE','Gona!ves','Artibonite'),(7,3,3,2,NULL,1,'HT05','HT0511','DISPENSAIRE','DISPENSAIRE','Gona!ves','Artibonite'),(7,2,3,2,NULL,1,'HT05','HT0511','DISPENSAIRE','DISPENSAIRE','Gona!ves','Artibonite'),(7,1,3,1,1,2,'HT05','HT0511','DISPENSAIRE','DISPENSAIRE','Gona!ves','Artibonite'),(2,1,1,1,200,232,'HT05','HT0511','HOPITAL','HOPITAL DEPARTEMENTAL','Gona!ves','Artibonite'),(6,3,1,1,NULL,7,'HT05','HT0511','CENTRE DE SANTE SANS LIT','CENTRE DE SANTE SANS LIT','Gona!ves','Artibonite'),(6,3,3,2,NULL,8,'HT05','HT0511','CENTRE DE SANTE SANS LIT','CENTRE DE SANTE SANS LIT','Gona!ves','Artibonite'),(7,1,3,2,NULL,11,'HT05','HT0511','DISPENSAIRE','DISPENSAIRE','Gona!ves','Artibonite'),(7,3,3,2,NULL,4,'HT05','HT0511','DISPENSAIRE','DISPENSAIRE','Gona!ves','Artibonite'),(7,2,3,1,NULL,14,'HT05','HT0511','DISPENSAIRE','DISPENSAIRE','Gona!ves','Artibonite'),(7,1,3,2,NULL,6,'HT05','HT0511','DISPENSAIRE','DISPENSAIRE','Gona!ves','Artibonite'),(7,1,3,2,NULL,14,'HT05','HT0512','DISPENSAIRE','DISPENSAIRE','Ennery','Artibonite'),(7,1,3,1,NULL,12,'HT05','HT0512','DISPENSAIRE','DISPENSAIRE','Ennery','Artibonite'),(7,4,3,2,NULL,3,'HT05','HT0512','DISPENSAIRE','DISPENSAIRE','Ennery','Artibonite'),(7,1,3,2,NULL,4,'HT05','HT0512','DISPENSAIRE','DISPENSAIRE','Ennery','Artibonite'),(3,1,1,1,15,37,'HT05','HT0512','HOPITAL','HOPITAL COMMUNAUTAIRE DE REFERENCE','Ennery','Artibonite'),(6,1,3,2,2,10,'HT05','HT0512','CENTRE DE SANTE SANS LIT','CENTRE DE SANTE SANS LIT','Ennery','Artibonite'),(6,3,3,1,2,23,'HT05','HT0512','CENTRE DE SANTE SANS LIT','CENTRE DE SANTE SANS LIT','Ennery','Artibonite'),(6,2,3,1,NULL,29,'HT05','HT0513','CENTRE DE SANTE SANS LIT','CENTRE DE SANTE SANS LIT','L\'Est!re','Artibonite'),(3,1,1,1,17,28,'HT05','HT0513','HOPITAL','HOPITAL COMMUNAUTAIRE DE REFERENCE','L\'Est!re','Artibonite'),(5,1,3,1,1,7,'HT05','HT0513','CENTRE DE SANTE AVEC LIT','CENTRE DE SANTE AVEC LIT','L\'Est!re','Artibonite'),(7,2,3,2,NULL,3,'HT05','HT0513','DISPENSAIRE','DISPENSAIRE','L\'Est!re','Artibonite'),(7,3,3,2,4,5,'HT05','HT0521','DISPENSAIRE','DISPENSAIRE','Gros-Morne','Artibonite'),(7,3,3,2,3,7,'HT05','HT0521','DISPENSAIRE','DISPENSAIRE','Gros-Morne','Artibonite'),(7,4,3,2,1,6,'HT05','HT0521','DISPENSAIRE','DISPENSAIRE','Gros-Morne','Artibonite'),(3,4,1,1,34,65,'HT05','HT0521','HOPITAL','HOPITAL COMMUNAUTAIRE DE REFERENCE','Gros-Morne','Artibonite'),(7,2,3,2,NULL,2,'HT05','HT0521','DISPENSAIRE','DISPENSAIRE','Gros-Morne','Artibonite'),(7,3,NULL,NULL,NULL,NULL,'HT05','HT0521','DISPENSAIRE','DISPENSAIRE','Gros-Morne','Artibonite'),(6,2,NULL,NULL,NULL,NULL,'HT05','HT0521','CENTRE DE SANTE SANS LIT','CENTRE DE SANTE SANS LIT','Gros-Morne','Artibonite'),(7,3,3,2,NULL,2,'HT05','HT0521','DISPENSAIRE','DISPENSAIRE','Gros-Morne','Artibonite'),(7,2,3,2,4,1,'HT05','HT0521','DISPENSAIRE','DISPENSAIRE','Gros-Morne','Artibonite'),(6,3,3,1,4,11,'HT05','HT0521','CENTRE DE SANTE SANS LIT','CENTRE DE SANTE SANS LIT','Gros-Morne','Artibonite'),(7,1,3,2,NULL,6,'HT05','HT0521','DISPENSAIRE','DISPENSAIRE','Gros-Morne','Artibonite'),(5,1,2,2,20,5,'HT05','HT0521','CENTRE DE SANTE AVEC LIT','CENTRE DE SANTE AVEC LIT','Gros-Morne','Artibonite'),(5,2,3,1,NULL,6,'HT05','HT0521','CENTRE DE SANTE AVEC LIT','CENTRE DE SANTE AVEC LIT','Gros-Morne','Artibonite'),(7,1,3,2,NULL,9,'HT05','HT0521','DISPENSAIRE','DISPENSAIRE','Gros-Morne','Artibonite'),(5,1,1,1,4,14,'HT05','HT0522','CENTRE DE SANTE AVEC LIT','CENTRE DE SANTE AVEC LIT','Terre-Neuve','Artibonite'),(7,1,3,1,1,7,'HT05','HT0522','DISPENSAIRE','DISPENSAIRE','Terre-Neuve','Artibonite'),(7,1,3,1,NULL,10,'HT05','HT0523','DISPENSAIRE','DISPENSAIRE','Anse-Rouge','Artibonite'),(5,1,1,2,8,12,'HT05','HT0523','CENTRE DE SANTE AVEC LIT','CENTRE DE SANTE AVEC LIT','Anse-Rouge','Artibonite'),(7,1,3,2,NULL,4,'HT05','HT0523','DISPENSAIRE','DISPENSAIRE','Anse-Rouge','Artibonite'),(7,1,3,2,1,6,'HT05','HT0523','DISPENSAIRE','DISPENSAIRE','Anse-Rouge','Artibonite'),(7,1,3,2,NULL,4,'HT05','HT0523','DISPENSAIRE','DISPENSAIRE','Anse-Rouge','Artibonite'),(7,1,3,2,NULL,4,'HT05','HT0523','DISPENSAIRE','DISPENSAIRE','Anse-Rouge','Artibonite'),(7,1,3,2,NULL,4,'HT05','HT0523','DISPENSAIRE','DISPENSAIRE','Anse-Rouge','Artibonite'),(7,1,3,2,NULL,3,'HT05','HT0531','DISPENSAIRE','DISPENSAIRE','Saint-Marc','Artibonite'),(7,1,3,2,NULL,3,'HT05','HT0531','DISPENSAIRE','DISPENSAIRE','Saint-Marc','Artibonite'),(7,1,3,2,NULL,1,'HT05','HT0531','DISPENSAIRE','DISPENSAIRE','Saint-Marc','Artibonite'),(7,1,3,2,2,4,'HT05','HT0531','DISPENSAIRE','DISPENSAIRE','Saint-Marc','Artibonite'),(5,3,1,1,18,58,'HT05','HT0531','CENTRE DE SANTE AVEC LIT','CENTRE DE SANTE AVEC LIT','Saint-Marc','Artibonite'),(7,1,NULL,NULL,NULL,NULL,'HT05','HT0531','DISPENSAIRE','DISPENSAIRE','Saint-Marc','Artibonite'),(7,1,3,2,NULL,14,'HT05','HT0531','DISPENSAIRE','DISPENSAIRE','Saint-Marc','Artibonite'),(7,3,3,2,NULL,3,'HT05','HT0531','DISPENSAIRE','DISPENSAIRE','Saint-Marc','Artibonite'),(5,3,3,1,4,15,'HT05','HT0531','CENTRE DE SANTE AVEC LIT','CENTRE DE SANTE AVEC LIT','Saint-Marc','Artibonite'),(7,3,3,2,NULL,3,'HT05','HT0531','DISPENSAIRE','DISPENSAIRE','Saint-Marc','Artibonite'),(7,3,3,2,NULL,3,'HT05','HT0531','DISPENSAIRE','DISPENSAIRE','Saint-Marc','Artibonite'),(7,1,3,2,NULL,3,'HT05','HT0531','DISPENSAIRE','DISPENSAIRE','Saint-Marc','Artibonite'),(7,1,3,2,NULL,6,'HT05','HT0531','DISPENSAIRE','DISPENSAIRE','Saint-Marc','Artibonite'),(7,4,3,1,NULL,34,'HT05','HT0531','DISPENSAIRE','DISPENSAIRE','Saint-Marc','Artibonite'),(3,1,2,1,162,188,'HT05','HT0531','HOPITAL','HOPITAL COMMUNAUTAIRE DE REFERENCE','Saint-Marc','Artibonite'),(7,1,3,2,NULL,10,'HT05','HT0531','DISPENSAIRE','DISPENSAIRE','Saint-Marc','Artibonite'),(6,3,3,2,NULL,28,'HT05','HT0532','CENTRE DE SANTE SANS LIT','CENTRE DE SANTE SANS LIT','Verrettes','Artibonite'),(6,2,3,2,NULL,21,'HT05','HT0532','CENTRE DE SANTE SANS LIT','CENTRE DE SANTE SANS LIT','Verrettes','Artibonite'),(4,2,3,1,119,169,'HT05','HT0532','HOPITAL','AUTRES HOPITAUX','Verrettes','Artibonite'),(7,1,3,2,NULL,2,'HT05','HT0532','DISPENSAIRE','DISPENSAIRE','Verrettes','Artibonite'),(6,3,3,1,NULL,12,'HT05','HT0532','CENTRE DE SANTE SANS LIT','CENTRE DE SANTE SANS LIT','Verrettes','Artibonite'),(7,3,3,2,NULL,19,'HT05','HT0532','DISPENSAIRE','DISPENSAIRE','Verrettes','Artibonite'),(4,1,1,1,60,68,'HT05','HT0532','HOPITAL','AUTRES HOPITAUX','Verrettes','Artibonite'),(5,4,3,1,3,13,'HT05','HT0533','CENTRE DE SANTE AVEC LIT','CENTRE DE SANTE AVEC LIT','La Chapelle','Artibonite'),(7,3,3,2,NULL,7,'HT05','HT0541','DISPENSAIRE','DISPENSAIRE','Dessalines','Artibonite'),(7,3,3,2,NULL,4,'HT05','HT0541','DISPENSAIRE','DISPENSAIRE','Dessalines','Artibonite'),(7,3,3,2,NULL,4,'HT05','HT0541','DISPENSAIRE','DISPENSAIRE','Dessalines','Artibonite'),(7,1,3,1,7,1,'HT05','HT0541','DISPENSAIRE','DISPENSAIRE','Dessalines','Artibonite'),(7,4,3,2,NULL,4,'HT05','HT0541','DISPENSAIRE','DISPENSAIRE','Dessalines','Artibonite'),(7,3,3,2,NULL,8,'HT05','HT0541','DISPENSAIRE','DISPENSAIRE','Dessalines','Artibonite'),(7,1,3,2,NULL,2,'HT05','HT0541','DISPENSAIRE','DISPENSAIRE','Dessalines','Artibonite'),(5,3,3,2,NULL,1,'HT05','HT0541','CENTRE DE SANTE AVEC LIT','CENTRE DE SANTE AVEC LIT','Dessalines','Artibonite'),(5,1,3,2,NULL,2,'HT05','HT0541','CENTRE DE SANTE AVEC LIT','CENTRE DE SANTE AVEC LIT','Dessalines','Artibonite'),(3,4,1,1,27,91,'HT05','HT0541','HOPITAL','HOPITAL COMMUNAUTAIRE DE REFERENCE','Dessalines','Artibonite'),(7,3,3,1,NULL,21,'HT05','HT0541','DISPENSAIRE','DISPENSAIRE','Dessalines','Artibonite'),(7,3,3,2,NULL,4,'HT05','HT0541','DISPENSAIRE','DISPENSAIRE','Dessalines','Artibonite'),(7,3,3,2,NULL,9,'HT05','HT0541','DISPENSAIRE','DISPENSAIRE','Dessalines','Artibonite'),(7,3,3,1,NULL,7,'HT05','HT0541','DISPENSAIRE','DISPENSAIRE','Dessalines','Artibonite'),(7,3,3,1,2,12,'HT05','HT0541','DISPENSAIRE','DISPENSAIRE','Dessalines','Artibonite'),(5,1,3,2,NULL,6,'HT05','HT0541','CENTRE DE SANTE AVEC LIT','CENTRE DE SANTE AVEC LIT','Dessalines','Artibonite'),(7,3,3,2,NULL,5,'HT05','HT0541','DISPENSAIRE','DISPENSAIRE','Dessalines','Artibonite'),(7,2,3,2,NULL,3,'HT05','HT0541','DISPENSAIRE','DISPENSAIRE','Dessalines','Artibonite'),(7,3,3,2,NULL,8,'HT05','HT0541','DISPENSAIRE','DISPENSAIRE','Dessalines','Artibonite'),(6,3,3,2,NULL,3,'HT05','HT0541','CENTRE DE SANTE SANS LIT','CENTRE DE SANTE SANS LIT','Dessalines','Artibonite'),(7,1,3,2,NULL,10,'HT05','HT0542','DISPENSAIRE','DISPENSAIRE','Petite-Rivi!re de l\'Artibonite','Artibonite'),(7,3,3,2,NULL,10,'HT05','HT0542','DISPENSAIRE','DISPENSAIRE','Petite-Rivi!re de l\'Artibonite','Artibonite'),(7,3,3,2,NULL,1,'HT05','HT0542','DISPENSAIRE','DISPENSAIRE','Petite-Rivi!re de l\'Artibonite','Artibonite'),(7,1,3,2,4,16,'HT05','HT0542','DISPENSAIRE','DISPENSAIRE','Petite-Rivi!re de l\'Artibonite','Artibonite'),(6,3,3,1,4,15,'HT05','HT0542','CENTRE DE SANTE SANS LIT','CENTRE DE SANTE SANS LIT','Petite-Rivi!re de l\'Artibonite','Artibonite'),(3,1,1,1,58,121,'HT05','HT0542','HOPITAL','HOPITAL COMMUNAUTAIRE DE REFERENCE','Petite-Rivi!re de l\'Artibonite','Artibonite'),(6,2,3,1,3,22,'HT05','HT0542','CENTRE DE SANTE SANS LIT','CENTRE DE SANTE SANS LIT','Petite-Rivi!re de l\'Artibonite','Artibonite'),(7,4,3,2,NULL,2,'HT05','HT0542','DISPENSAIRE','DISPENSAIRE','Petite-Rivi!re de l\'Artibonite','Artibonite'),(6,2,3,2,3,13,'HT05','HT0542','CENTRE DE SANTE SANS LIT','CENTRE DE SANTE SANS LIT','Petite-Rivi!re de l\'Artibonite','Artibonite'),(5,1,1,1,6,35,'HT05','HT0543','CENTRE DE SANTE AVEC LIT','CENTRE DE SANTE AVEC LIT','Grande Saline','Artibonite'),(7,1,3,2,NULL,2,'HT05','HT0543','DISPENSAIRE','DISPENSAIRE','Grande Saline','Artibonite'),(5,1,3,1,10,22,'HT05','HT0544','CENTRE DE SANTE AVEC LIT','CENTRE DE SANTE AVEC LIT','Desdunes','Artibonite'),(7,1,3,2,NULL,2,'HT05','HT0544','DISPENSAIRE','DISPENSAIRE','Desdunes','Artibonite'),(7,1,3,2,NULL,3,'HT05','HT0544','DISPENSAIRE','DISPENSAIRE','Desdunes','Artibonite'),(6,1,3,2,NULL,9,'HT05','HT0551','CENTRE DE SANTE SANS LIT','CENTRE DE SANTE SANS LIT','Saint-Michel','Artibonite'),(6,2,3,1,2,11,'HT05','HT0551','CENTRE DE SANTE SANS LIT','CENTRE DE SANTE SANS LIT','Saint-Michel','Artibonite'),(5,1,1,1,8,23,'HT05','HT0551','CENTRE DE SANTE AVEC LIT','CENTRE DE SANTE AVEC LIT','Saint-Michel','Artibonite'),(7,1,3,2,2,11,'HT05','HT0551','DISPENSAIRE','DISPENSAIRE','Saint-Michel','Artibonite'),(7,1,3,2,NULL,12,'HT05','HT0551','DISPENSAIRE','DISPENSAIRE','Saint-Michel','Artibonite'),(7,1,3,2,1,8,'HT05','HT0551','DISPENSAIRE','DISPENSAIRE','Saint-Michel','Artibonite'),(7,1,3,2,2,12,'HT05','HT0551','DISPENSAIRE','DISPENSAIRE','Saint-Michel','Artibonite'),(7,1,3,2,NULL,12,'HT05','HT0551','DISPENSAIRE','DISPENSAIRE','Saint-Michel','Artibonite'),(5,1,3,1,5,43,'HT05','HT0552','CENTRE DE SANTE AVEC LIT','CENTRE DE SANTE AVEC LIT','Marmelade','Artibonite'),(2,1,1,1,20,178,'HT06','HT0611','HOPITAL','HOPITAL DEPARTEMENTAL','Hinche','Centre'),(5,2,3,1,6,9,'HT06','HT0611','CENTRE DE SANTE AVEC LIT','CENTRE DE SANTE AVEC LIT','Hinche','Centre'),(6,1,3,1,1,5,'HT06','HT0611','CENTRE DE SANTE SANS LIT','CENTRE DE SANTE SANS LIT','Hinche','Centre'),(7,1,3,1,1,3,'HT06','HT0611','DISPENSAIRE','DISPENSAIRE','Hinche','Centre'),(7,3,3,2,NULL,3,'HT06','HT0611','DISPENSAIRE','DISPENSAIRE','Hinche','Centre'),(7,3,3,2,NULL,3,'HT06','HT0611','DISPENSAIRE','DISPENSAIRE','Hinche','Centre'),(6,3,NULL,NULL,NULL,NULL,'HT06','HT0611','CENTRE DE SANTE SANS LIT','CENTRE DE SANTE SANS LIT','Hinche','Centre'),(6,1,1,1,NULL,28,'HT06','HT0611','CENTRE DE SANTE SANS LIT','CENTRE DE SANTE SANS LIT','Hinche','Centre'),(7,1,3,2,NULL,5,'HT06','HT0611','DISPENSAIRE','DISPENSAIRE','Hinche','Centre'),(7,4,3,2,NULL,9,'HT06','HT0611','DISPENSAIRE','DISPENSAIRE','Hinche','Centre'),(7,1,3,1,2,6,'HT06','HT0611','DISPENSAIRE','DISPENSAIRE','Hinche','Centre'),(5,1,1,1,NULL,32,'HT06','HT0612','CENTRE DE SANTE AVEC LIT','CENTRE DE SANTE AVEC LIT','Ma!ssade','Centre'),(6,1,3,1,NULL,10,'HT06','HT0612','CENTRE DE SANTE SANS LIT','CENTRE DE SANTE SANS LIT','Ma!ssade','Centre'),(7,1,3,2,NULL,7,'HT06','HT0612','DISPENSAIRE','DISPENSAIRE','Ma!ssade','Centre'),(7,1,3,2,NULL,7,'HT06','HT0612','DISPENSAIRE','DISPENSAIRE','Ma!ssade','Centre'),(7,1,3,2,NULL,6,'HT06','HT0612','DISPENSAIRE','DISPENSAIRE','Ma!ssade','Centre'),(7,1,3,2,NULL,9,'HT06','HT0612','DISPENSAIRE','DISPENSAIRE','Ma!ssade','Centre'),(5,4,2,1,11,38,'HT06','HT0613','CENTRE DE SANTE AVEC LIT','CENTRE DE SANTE AVEC LIT','Thomonde','Centre'),(6,4,3,1,1,10,'HT06','HT0613','CENTRE DE SANTE SANS LIT','CENTRE DE SANTE SANS LIT','Thomonde','Centre'),(7,1,1,1,NULL,26,'HT06','HT0613','DISPENSAIRE','DISPENSAIRE','Thomonde','Centre'),(5,1,3,1,6,27,'HT06','HT0614','CENTRE DE SANTE AVEC LIT','CENTRE DE SANTE AVEC LIT','Cerca-Cavajal','Centre'),(6,3,3,1,NULL,11,'HT06','HT0614','CENTRE DE SANTE SANS LIT','CENTRE DE SANTE SANS LIT','Cerca-Cavajal','Centre'),(7,2,NULL,NULL,NULL,NULL,'HT06','HT0614','DISPENSAIRE','DISPENSAIRE','Cerca-Cavajal','Centre'),(1,1,1,1,350,2,'HT06','HT0621','HOPITAL','HOPITAL UNIVERSITAIRE','Mirebalais','Centre'),(7,3,3,2,NULL,17,'HT06','HT0621','DISPENSAIRE','DISPENSAIRE','Mirebalais','Centre'),(6,4,3,1,NULL,11,'HT06','HT0621','CENTRE DE SANTE SANS LIT','CENTRE DE SANTE SANS LIT','Mirebalais','Centre'),(6,4,3,1,NULL,7,'HT06','HT0621','CENTRE DE SANTE SANS LIT','CENTRE DE SANTE SANS LIT','Mirebalais','Centre'),(7,1,3,2,NULL,22,'HT06','HT0621','DISPENSAIRE','DISPENSAIRE','Mirebalais','Centre'),(6,1,3,1,NULL,2,'HT06','HT0621','CENTRE DE SANTE SANS LIT','CENTRE DE SANTE SANS LIT','Mirebalais','Centre'),(7,1,3,2,1,23,'HT06','HT0621','DISPENSAIRE','DISPENSAIRE','Mirebalais','Centre'),(6,1,3,1,3,14,'HT06','HT0622','CENTRE DE SANTE SANS LIT','CENTRE DE SANTE SANS LIT','Saut-d\'Eau','Centre'),(6,4,3,2,2,3,'HT06','HT0622','CENTRE DE SANTE SANS LIT','CENTRE DE SANTE SANS LIT','Saut-d\'Eau','Centre'),(3,3,1,1,70,104,'HT06','HT0623','HOPITAL','HOPITAL COMMUNAUTAIRE DE REFERENCE','Boucan-Carr!','Centre'),(5,4,2,1,10,44,'HT06','HT0623','CENTRE DE SANTE AVEC LIT','CENTRE DE SANTE AVEC LIT','Boucan-Carr!','Centre'),(5,4,3,2,NULL,5,'HT06','HT0623','CENTRE DE SANTE AVEC LIT','CENTRE DE SANTE AVEC LIT','Boucan-Carr!','Centre'),(5,4,1,1,8,20,'HT06','HT0631','CENTRE DE SANTE AVEC LIT','CENTRE DE SANTE AVEC LIT','Lascahobas','Centre'),(6,3,3,1,NULL,9,'HT06','HT0631','CENTRE DE SANTE SANS LIT','CENTRE DE SANTE SANS LIT','Lascahobas','Centre'),(5,4,3,1,59,68,'HT06','HT0631','CENTRE DE SANTE AVEC LIT','CENTRE DE SANTE AVEC LIT','Lascahobas','Centre'),(5,1,2,1,1,24,'HT06','HT0632','CENTRE DE SANTE AVEC LIT','CENTRE DE SANTE AVEC LIT','Bellad!re','Centre'),(3,1,1,1,25,73,'HT06','HT0632','HOPITAL','HOPITAL COMMUNAUTAIRE DE REFERENCE','Bellad!re','Centre'),(7,1,3,2,NULL,10,'HT06','HT0632','DISPENSAIRE','DISPENSAIRE','Bellad!re','Centre'),(6,4,1,1,9,38,'HT06','HT0633','CENTRE DE SANTE SANS LIT','CENTRE DE SANTE SANS LIT','Savanette','Centre'),(7,4,3,2,1,10,'HT06','HT0633','DISPENSAIRE','DISPENSAIRE','Savanette','Centre'),(5,4,3,1,20,42,'HT06','HT0641','CENTRE DE SANTE AVEC LIT','CENTRE DE SANTE AVEC LIT','Cerca-La-Source','Centre'),(5,1,1,1,6,18,'HT06','HT0641','CENTRE DE SANTE AVEC LIT','CENTRE DE SANTE AVEC LIT','Cerca-La-Source','Centre'),(7,1,3,1,2,8,'HT06','HT0642','DISPENSAIRE','DISPENSAIRE','Thomassique','Centre'),(5,2,3,1,16,22,'HT06','HT0642','CENTRE DE SANTE AVEC LIT','CENTRE DE SANTE AVEC LIT','Thomassique','Centre'),(5,3,3,1,NULL,8,'HT07','HT0711','CENTRE DE SANTE AVEC LIT','CENTRE DE SANTE AVEC LIT','Les Cayes','Sud'),(6,4,1,1,NULL,7,'HT07','HT0711','CENTRE DE SANTE SANS LIT','CENTRE DE SANTE SANS LIT','Les Cayes','Sud'),(7,3,3,1,NULL,10,'HT07','HT0711','DISPENSAIRE','DISPENSAIRE','Les Cayes','Sud'),(3,1,1,1,124,167,'HT07','HT0711','HOPITAL','HOPITAL COMMUNAUTAIRE DE REFERENCE','Les Cayes','Sud'),(4,4,3,1,38,45,'HT07','HT0711','HOPITAL','AUTRES HOPITAUX','Les Cayes','Sud'),(4,3,3,1,17,21,'HT07','HT0711','HOPITAL','AUTRES HOPITAUX','Les Cayes','Sud'),(5,4,3,1,64,55,'HT07','HT0711','CENTRE DE SANTE AVEC LIT','CENTRE DE SANTE AVEC LIT','Les Cayes','Sud'),(6,1,3,1,NULL,17,'HT07','HT0711','CENTRE DE SANTE SANS LIT','CENTRE DE SANTE SANS LIT','Les Cayes','Sud'),(7,1,3,2,NULL,4,'HT07','HT0711','DISPENSAIRE','DISPENSAIRE','Les Cayes','Sud'),(4,4,1,1,40,74,'HT07','HT0711','HOPITAL','AUTRES HOPITAUX','Les Cayes','Sud'),(7,4,3,1,NULL,7,'HT07','HT0711','DISPENSAIRE','DISPENSAIRE','Les Cayes','Sud'),(6,4,3,1,NULL,3,'HT07','HT0711','CENTRE DE SANTE SANS LIT','CENTRE DE SANTE SANS LIT','Les Cayes','Sud'),(4,1,3,2,17,9,'HT07','HT0711','HOPITAL','AUTRES HOPITAUX','Les Cayes','Sud'),(6,2,3,1,NULL,14,'HT07','HT0711','CENTRE DE SANTE SANS LIT','CENTRE DE SANTE SANS LIT','Les Cayes','Sud'),(6,1,3,1,10,15,'HT07','HT0712','CENTRE DE SANTE SANS LIT','CENTRE DE SANTE SANS LIT','Torbeck','Sud'),(7,3,3,1,NULL,4,'HT07','HT0712','DISPENSAIRE','DISPENSAIRE','Torbeck','Sud'),(5,3,1,1,6,12,'HT07','HT0712','CENTRE DE SANTE AVEC LIT','CENTRE DE SANTE AVEC LIT','Torbeck','Sud'),(7,4,3,2,1,2,'HT07','HT0712','DISPENSAIRE','DISPENSAIRE','Torbeck','Sud'),(7,1,3,2,NULL,3,'HT07','HT0712','DISPENSAIRE','DISPENSAIRE','Torbeck','Sud'),(6,1,1,1,2,20,'HT07','HT0713','CENTRE DE SANTE SANS LIT','CENTRE DE SANTE SANS LIT','Chantal','Sud'),(5,1,3,2,1,11,'HT07','HT0713','CENTRE DE SANTE AVEC LIT','CENTRE DE SANTE AVEC LIT','Chantal','Sud'),(5,3,3,2,NULL,2,'HT07','HT0714','CENTRE DE SANTE AVEC LIT','CENTRE DE SANTE AVEC LIT','Camp-Perrin','Sud'),(3,1,3,1,15,35,'HT07','HT0714','HOPITAL','HOPITAL COMMUNAUTAIRE DE REFERENCE','Camp-Perrin','Sud'),(7,4,3,1,NULL,11,'HT07','HT0714','DISPENSAIRE','DISPENSAIRE','Camp-Perrin','Sud'),(7,1,3,1,NULL,7,'HT07','HT0714','DISPENSAIRE','DISPENSAIRE','Camp-Perrin','Sud'),(7,4,3,1,NULL,6,'HT07','HT0714','DISPENSAIRE','DISPENSAIRE','Camp-Perrin','Sud'),(6,4,3,1,3,8,'HT07','HT0715','CENTRE DE SANTE SANS LIT','CENTRE DE SANTE SANS LIT','Maniche','Sud'),(7,1,3,2,NULL,4,'HT07','HT0715','DISPENSAIRE','DISPENSAIRE','Maniche','Sud'),(7,1,3,2,NULL,5,'HT07','HT0715','DISPENSAIRE','DISPENSAIRE','Maniche','Sud'),(7,2,3,1,3,7,'HT07','HT0716','DISPENSAIRE','DISPENSAIRE','!le-!-Vache','Sud'),(6,1,1,1,2,48,'HT07','HT0716','CENTRE DE SANTE SANS LIT','CENTRE DE SANTE SANS LIT','!le-!-Vache','Sud'),(7,3,3,2,NULL,1,'HT07','HT0721','DISPENSAIRE','DISPENSAIRE','Port-Salut','Sud'),(3,1,1,1,22,35,'HT07','HT0721','HOPITAL','HOPITAL COMMUNAUTAIRE DE REFERENCE','Port-Salut','Sud'),(5,3,1,1,NULL,12,'HT07','HT0721','CENTRE DE SANTE AVEC LIT','CENTRE DE SANTE AVEC LIT','Port-Salut','Sud'),(7,1,3,2,NULL,2,'HT07','HT0721','DISPENSAIRE','DISPENSAIRE','Port-Salut','Sud'),(7,1,3,2,NULL,1,'HT07','HT0721','DISPENSAIRE','DISPENSAIRE','Port-Salut','Sud'),(7,1,3,2,NULL,2,'HT07','HT0722','DISPENSAIRE','DISPENSAIRE','Saint-Jean','Sud'),(6,1,3,1,1,20,'HT07','HT0722','CENTRE DE SANTE SANS LIT','CENTRE DE SANTE SANS LIT','Saint-Jean','Sud'),(7,1,3,1,NULL,4,'HT07','HT0723','DISPENSAIRE','DISPENSAIRE','Arniquet','Sud'),(6,1,3,1,1,15,'HT07','HT0723','CENTRE DE SANTE SANS LIT','CENTRE DE SANTE SANS LIT','Arniquet','Sud'),(5,2,3,1,10,12,'HT07','HT0731','CENTRE DE SANTE AVEC LIT','CENTRE DE SANTE AVEC LIT','Aquin','Sud'),(7,4,3,1,3,11,'HT07','HT0731','DISPENSAIRE','DISPENSAIRE','Aquin','Sud'),(3,1,1,1,23,43,'HT07','HT0731','HOPITAL','HOPITAL COMMUNAUTAIRE DE REFERENCE','Aquin','Sud'),(7,3,3,1,NULL,12,'HT07','HT0731','DISPENSAIRE','DISPENSAIRE','Aquin','Sud'),(5,4,3,1,8,12,'HT07','HT0731','CENTRE DE SANTE AVEC LIT','CENTRE DE SANTE AVEC LIT','Aquin','Sud'),(4,2,1,1,130,278,'HT07','HT0731','HOPITAL','AUTRES HOPITAUX','Aquin','Sud'),(5,1,3,1,6,24,'HT07','HT0732','CENTRE DE SANTE AVEC LIT','CENTRE DE SANTE AVEC LIT','Saint-Louis du Sud','Sud'),(6,1,3,2,NULL,2,'HT07','HT0732','CENTRE DE SANTE SANS LIT','CENTRE DE SANTE SANS LIT','Saint-Louis du Sud','Sud'),(7,3,3,2,NULL,17,'HT07','HT0732','DISPENSAIRE','DISPENSAIRE','Saint-Louis du Sud','Sud'),(7,4,3,1,1,7,'HT07','HT0732','DISPENSAIRE','DISPENSAIRE','Saint-Louis du Sud','Sud'),(7,3,3,2,NULL,7,'HT07','HT0732','DISPENSAIRE','DISPENSAIRE','Saint-Louis du Sud','Sud'),(6,3,3,1,NULL,9,'HT07','HT0733','CENTRE DE SANTE SANS LIT','CENTRE DE SANTE SANS LIT','Cavaillon','Sud'),(6,1,3,1,5,23,'HT07','HT0733','CENTRE DE SANTE SANS LIT','CENTRE DE SANTE SANS LIT','Cavaillon','Sud'),(7,4,3,1,NULL,2,'HT07','HT0733','DISPENSAIRE','DISPENSAIRE','Cavaillon','Sud'),(7,2,3,2,NULL,9,'HT07','HT0733','DISPENSAIRE','DISPENSAIRE','Cavaillon','Sud'),(4,3,1,1,90,88,'HT07','HT0733','HOPITAL','AUTRES HOPITAUX','Cavaillon','Sud'),(7,4,3,2,NULL,4,'HT07','HT0733','DISPENSAIRE','DISPENSAIRE','Cavaillon','Sud'),(6,1,3,1,3,12,'HT07','HT0741','CENTRE DE SANTE SANS LIT','CENTRE DE SANTE SANS LIT','C!teaux','Sud'),(7,1,3,2,NULL,19,'HT07','HT0741','DISPENSAIRE','DISPENSAIRE','C!teaux','Sud'),(4,1,1,1,22,59,'HT07','HT0742','HOPITAL','AUTRES HOPITAUX','Port-!-Piment','Sud'),(7,4,3,1,4,11,'HT07','HT0743','DISPENSAIRE','DISPENSAIRE','Roche-!-Bateau','Sud'),(7,4,3,1,4,4,'HT07','HT0751','DISPENSAIRE','DISPENSAIRE','Chardonni!res','Sud'),(7,2,3,1,NULL,6,'HT07','HT0751','DISPENSAIRE','DISPENSAIRE','Chardonni!res','Sud'),(5,1,3,1,8,40,'HT07','HT0752','CENTRE DE SANTE AVEC LIT','CENTRE DE SANTE AVEC LIT','Les Anglais','Sud'),(7,4,3,1,2,7,'HT07','HT0753','DISPENSAIRE','DISPENSAIRE','Tiburon','Sud'),(7,1,3,2,NULL,1,'HT08','HT0811','DISPENSAIRE','DISPENSAIRE','J!r!mie','Grand\'Anse'),(5,4,3,1,NULL,5,'HT08','HT0811','CENTRE DE SANTE AVEC LIT','CENTRE DE SANTE AVEC LIT','J!r!mie','Grand\'Anse'),(6,4,3,1,NULL,10,'HT08','HT0811','CENTRE DE SANTE SANS LIT','CENTRE DE SANTE SANS LIT','J!r!mie','Grand\'Anse'),(7,4,3,2,NULL,4,'HT08','HT0811','DISPENSAIRE','DISPENSAIRE','J!r!mie','Grand\'Anse'),(6,4,3,1,1,30,'HT08','HT0811','CENTRE DE SANTE SANS LIT','CENTRE DE SANTE SANS LIT','J!r!mie','Grand\'Anse'),(7,1,3,2,2,5,'HT08','HT0811','DISPENSAIRE','DISPENSAIRE','J!r!mie','Grand\'Anse'),(6,2,1,1,NULL,94,'HT08','HT0811','CENTRE DE SANTE SANS LIT','CENTRE DE SANTE SANS LIT','J!r!mie','Grand\'Anse'),(7,4,3,2,NULL,2,'HT08','HT0811','DISPENSAIRE','DISPENSAIRE','J!r!mie','Grand\'Anse'),(3,1,2,1,150,98,'HT08','HT0811','HOPITAL','HOPITAL COMMUNAUTAIRE DE REFERENCE','J!r!mie','Grand\'Anse'),(7,1,3,2,NULL,6,'HT08','HT0811','DISPENSAIRE','DISPENSAIRE','J!r!mie','Grand\'Anse'),(6,4,3,1,1,9,'HT08','HT0812','CENTRE DE SANTE SANS LIT','CENTRE DE SANTE SANS LIT','Abricots','Grand\'Anse'),(6,1,3,1,NULL,31,'HT08','HT0812','CENTRE DE SANTE SANS LIT','CENTRE DE SANTE SANS LIT','Abricots','Grand\'Anse'),(7,1,3,1,NULL,4,'HT08','HT0813','DISPENSAIRE','DISPENSAIRE','Bonbon','Grand\'Anse'),(6,1,1,1,7,30,'HT08','HT0814','CENTRE DE SANTE SANS LIT','CENTRE DE SANTE SANS LIT','Moron','Grand\'Anse'),(7,3,3,2,NULL,3,'HT08','HT0814','DISPENSAIRE','DISPENSAIRE','Moron','Grand\'Anse'),(6,1,3,1,4,12,'HT08','HT0815','CENTRE DE SANTE SANS LIT','CENTRE DE SANTE SANS LIT','Chambellan','Grand\'Anse'),(7,1,3,2,NULL,3,'HT08','HT0815','DISPENSAIRE','DISPENSAIRE','Chambellan','Grand\'Anse'),(7,1,3,2,NULL,1,'HT08','HT0815','DISPENSAIRE','DISPENSAIRE','Chambellan','Grand\'Anse'),(7,3,3,2,NULL,10,'HT08','HT0821','DISPENSAIRE','DISPENSAIRE','Anse-d\'Hainault','Grand\'Anse'),(2,1,1,1,20,40,'HT08','HT0821','HOPITAL','HOPITAL DEPARTEMENTAL','Anse-d\'Hainault','Grand\'Anse'),(7,4,3,2,NULL,8,'HT08','HT0821','DISPENSAIRE','DISPENSAIRE','Anse-d\'Hainault','Grand\'Anse'),(7,1,3,2,NULL,9,'HT08','HT0821','DISPENSAIRE','DISPENSAIRE','Anse-d\'Hainault','Grand\'Anse'),(7,1,1,2,NULL,4,'HT08','HT0822','DISPENSAIRE','DISPENSAIRE','Dame-Marie','Grand\'Anse'),(7,1,3,2,NULL,4,'HT08','HT0822','DISPENSAIRE','DISPENSAIRE','Dame-Marie','Grand\'Anse'),(3,4,3,1,24,62,'HT08','HT0822','HOPITAL','HOPITAL COMMUNAUTAIRE DE REFERENCE','Dame-Marie','Grand\'Anse'),(6,1,3,2,NULL,4,'HT08','HT0822','CENTRE DE SANTE SANS LIT','CENTRE DE SANTE SANS LIT','Dame-Marie','Grand\'Anse'),(6,1,3,2,NULL,3,'HT08','HT0822','CENTRE DE SANTE SANS LIT','CENTRE DE SANTE SANS LIT','Dame-Marie','Grand\'Anse'),(5,1,1,1,5,24,'HT08','HT0823','CENTRE DE SANTE AVEC LIT','CENTRE DE SANTE AVEC LIT','Les Irois','Grand\'Anse'),(7,4,3,2,NULL,7,'HT08','HT0823','DISPENSAIRE','DISPENSAIRE','Les Irois','Grand\'Anse'),(3,1,3,1,18,54,'HT08','HT0831','HOPITAL','HOPITAL COMMUNAUTAIRE DE REFERENCE','Corail','Grand\'Anse'),(7,4,3,2,NULL,7,'HT08','HT0831','DISPENSAIRE','DISPENSAIRE','Corail','Grand\'Anse'),(7,2,3,2,1,9,'HT08','HT0831','DISPENSAIRE','DISPENSAIRE','Corail','Grand\'Anse'),(6,4,3,1,3,10,'HT08','HT0832','CENTRE DE SANTE SANS LIT','CENTRE DE SANTE SANS LIT','Roseaux','Grand\'Anse'),(7,4,3,2,2,10,'HT08','HT0832','DISPENSAIRE','DISPENSAIRE','Roseaux','Grand\'Anse'),(6,4,3,1,4,3,'HT08','HT0832','CENTRE DE SANTE SANS LIT','CENTRE DE SANTE SANS LIT','Roseaux','Grand\'Anse'),(7,4,3,1,NULL,8,'HT08','HT0832','DISPENSAIRE','DISPENSAIRE','Roseaux','Grand\'Anse'),(7,1,3,2,NULL,10,'HT08','HT0833','DISPENSAIRE','DISPENSAIRE','Beaumont','Grand\'Anse'),(5,4,3,1,4,20,'HT08','HT0833','CENTRE DE SANTE AVEC LIT','CENTRE DE SANTE AVEC LIT','Beaumont','Grand\'Anse'),(7,4,3,2,NULL,2,'HT08','HT0834','DISPENSAIRE','DISPENSAIRE','Pestel','Grand\'Anse'),(5,1,3,1,6,30,'HT08','HT0834','CENTRE DE SANTE AVEC LIT','CENTRE DE SANTE AVEC LIT','Pestel','Grand\'Anse'),(7,1,3,2,NULL,1,'HT08','HT0834','DISPENSAIRE','DISPENSAIRE','Pestel','Grand\'Anse'),(7,3,3,2,1,1,'HT08','HT0834','DISPENSAIRE','DISPENSAIRE','Pestel','Grand\'Anse'),(7,4,3,2,3,2,'HT08','HT0834','DISPENSAIRE','DISPENSAIRE','Pestel','Grand\'Anse'),(7,1,3,2,NULL,1,'HT08','HT0834','DISPENSAIRE','DISPENSAIRE','Pestel','Grand\'Anse'),(7,1,3,2,NULL,7,'HT08','HT0834','DISPENSAIRE','DISPENSAIRE','Pestel','Grand\'Anse'),(7,1,3,2,NULL,3,'HT08','HT0834','DISPENSAIRE','DISPENSAIRE','Pestel','Grand\'Anse'),(7,3,3,2,NULL,1,'HT09','HT0911','DISPENSAIRE','DISPENSAIRE','Port-de-Paix','Nord\'Ouest'),(4,2,3,1,80,134,'HT09','HT0911','HOPITAL','AUTRES HOPITAUX','Port-de-Paix','Nord\'Ouest'),(7,1,3,2,NULL,1,'HT09','HT0911','DISPENSAIRE','DISPENSAIRE','Port-de-Paix','Nord\'Ouest'),(6,1,3,2,NULL,17,'HT09','HT0911','CENTRE DE SANTE SANS LIT','CENTRE DE SANTE SANS LIT','Port-de-Paix','Nord\'Ouest'),(7,1,3,1,NULL,6,'HT09','HT0911','DISPENSAIRE','DISPENSAIRE','Port-de-Paix','Nord\'Ouest'),(7,3,1,1,4,9,'HT09','HT0911','DISPENSAIRE','DISPENSAIRE','Port-de-Paix','Nord\'Ouest'),(6,4,3,1,NULL,6,'HT09','HT0911','CENTRE DE SANTE SANS LIT','CENTRE DE SANTE SANS LIT','Port-de-Paix','Nord\'Ouest'),(6,2,3,1,NULL,4,'HT09','HT0911','CENTRE DE SANTE SANS LIT','CENTRE DE SANTE SANS LIT','Port-de-Paix','Nord\'Ouest'),(2,1,1,1,76,98,'HT09','HT0911','HOPITAL','HOPITAL DEPARTEMENTAL','Port-de-Paix','Nord\'Ouest'),(7,3,1,1,NULL,11,'HT09','HT0911','DISPENSAIRE','DISPENSAIRE','Port-de-Paix','Nord\'Ouest'),(7,3,3,2,NULL,1,'HT09','HT0911','DISPENSAIRE','DISPENSAIRE','Port-de-Paix','Nord\'Ouest'),(7,2,3,1,1,11,'HT09','HT0911','DISPENSAIRE','DISPENSAIRE','Port-de-Paix','Nord\'Ouest'),(7,1,3,1,NULL,11,'HT09','HT0911','DISPENSAIRE','DISPENSAIRE','Port-de-Paix','Nord\'Ouest'),(7,1,3,2,NULL,9,'HT09','HT0911','DISPENSAIRE','DISPENSAIRE','Port-de-Paix','Nord\'Ouest'),(7,1,3,2,NULL,11,'HT09','HT0911','DISPENSAIRE','DISPENSAIRE','Port-de-Paix','Nord\'Ouest'),(7,1,3,2,NULL,6,'HT09','HT0911','DISPENSAIRE','DISPENSAIRE','Port-de-Paix','Nord\'Ouest'),(7,1,3,2,NULL,6,'HT09','HT0911','DISPENSAIRE','DISPENSAIRE','Port-de-Paix','Nord\'Ouest'),(7,1,3,2,NULL,6,'HT09','HT0911','DISPENSAIRE','DISPENSAIRE','Port-de-Paix','Nord\'Ouest'),(5,3,3,1,30,10,'HT09','HT0911','CENTRE DE SANTE AVEC LIT','CENTRE DE SANTE AVEC LIT','Port-de-Paix','Nord\'Ouest'),(3,4,3,1,20,35,'HT09','HT0912','HOPITAL','HOPITAL COMMUNAUTAIRE DE REFERENCE','La Tortue','Nord\'Ouest'),(7,4,3,1,2,5,'HT09','HT0912','DISPENSAIRE','DISPENSAIRE','La Tortue','Nord\'Ouest'),(7,1,3,1,1,7,'HT09','HT0912','DISPENSAIRE','DISPENSAIRE','La Tortue','Nord\'Ouest'),(7,2,3,1,2,11,'HT09','HT0912','DISPENSAIRE','DISPENSAIRE','La Tortue','Nord\'Ouest'),(5,4,3,1,3,8,'HT09','HT0912','CENTRE DE SANTE AVEC LIT','CENTRE DE SANTE AVEC LIT','La Tortue','Nord\'Ouest'),(6,3,3,1,3,3,'HT09','HT0912','CENTRE DE SANTE SANS LIT','CENTRE DE SANTE SANS LIT','La Tortue','Nord\'Ouest'),(7,4,3,1,1,7,'HT09','HT0912','DISPENSAIRE','DISPENSAIRE','La Tortue','Nord\'Ouest'),(7,1,3,2,NULL,9,'HT09','HT0913','DISPENSAIRE','DISPENSAIRE','Bassin-Bleu','Nord\'Ouest'),(4,1,1,1,20,45,'HT09','HT0913','HOPITAL','AUTRES HOPITAUX','Bassin-Bleu','Nord\'Ouest'),(7,1,3,2,NULL,10,'HT09','HT0913','DISPENSAIRE','DISPENSAIRE','Bassin-Bleu','Nord\'Ouest'),(7,1,3,2,NULL,4,'HT09','HT0913','DISPENSAIRE','DISPENSAIRE','Bassin-Bleu','Nord\'Ouest'),(5,1,1,1,11,40,'HT09','HT0914','CENTRE DE SANTE AVEC LIT','CENTRE DE SANTE AVEC LIT','Chansolme','Nord\'Ouest'),(7,2,3,2,NULL,3,'HT03','HT0321','DISPENSAIRE','DISPENSAIRE','St-Ls-du-Nord\'Ouest','Nord\'Ouest'),(5,1,3,1,20,40,'HT03','HT0321','CENTRE DE SANTE AVEC LIT','CENTRE DE SANTE AVEC LIT','St-Ls-du-Nord\'Ouest','Nord\'Ouest'),(5,3,3,1,5,6,'HT03','HT0321','CENTRE DE SANTE AVEC LIT','CENTRE DE SANTE AVEC LIT','St-Ls-du-Nord\'Ouest','Nord\'Ouest'),(5,3,3,1,16,12,'HT03','HT0321','CENTRE DE SANTE AVEC LIT','CENTRE DE SANTE AVEC LIT','St-Ls-du-Nord\'Ouest','Nord\'Ouest'),(7,1,3,1,1,11,'HT03','HT0321','DISPENSAIRE','DISPENSAIRE','St-Ls-du-Nord\'Ouest','Nord\'Ouest'),(7,4,3,1,1,2,'HT03','HT0321','DISPENSAIRE','DISPENSAIRE','St-Ls-du-Nord\'Ouest','Nord\'Ouest'),(7,2,3,2,2,1,'HT03','HT0321','DISPENSAIRE','DISPENSAIRE','St-Ls-du-Nord\'Ouest','Nord\'Ouest'),(7,1,3,1,2,3,'HT03','HT0321','DISPENSAIRE','DISPENSAIRE','St-Ls-du-Nord\'Ouest','Nord\'Ouest'),(7,2,3,2,1,5,'HT03','HT0321','DISPENSAIRE','DISPENSAIRE','St-Ls-du-Nord\'Ouest','Nord\'Ouest'),(5,4,3,1,5,12,'HT03','HT0321','CENTRE DE SANTE AVEC LIT','CENTRE DE SANTE AVEC LIT','St-Ls-du-Nord\'Ouest','Nord\'Ouest'),(7,1,3,2,1,9,'HT09','HT0922','DISPENSAIRE','DISPENSAIRE','Anse-!-Foleur','Nord\'Ouest'),(7,1,3,2,NULL,6,'HT09','HT0922','DISPENSAIRE','DISPENSAIRE','Anse-!-Foleur','Nord\'Ouest'),(7,1,3,2,NULL,9,'HT09','HT0922','DISPENSAIRE','DISPENSAIRE','Anse-!-Foleur','Nord\'Ouest'),(5,1,1,1,5,37,'HT09','HT0922','CENTRE DE SANTE AVEC LIT','CENTRE DE SANTE AVEC LIT','Anse-!-Foleur','Nord\'Ouest'),(7,1,3,2,NULL,6,'HT09','HT0931','DISPENSAIRE','DISPENSAIRE','M!le-Saint-Nicolas','Nord\'Ouest'),(5,1,1,1,6,16,'HT09','HT0931','CENTRE DE SANTE AVEC LIT','CENTRE DE SANTE AVEC LIT','M!le-Saint-Nicolas','Nord\'Ouest'),(7,1,3,2,NULL,4,'HT09','HT0931','DISPENSAIRE','DISPENSAIRE','M!le-Saint-Nicolas','Nord\'Ouest'),(7,1,3,1,8,19,'HT09','HT0931','DISPENSAIRE','DISPENSAIRE','M!le-Saint-Nicolas','Nord\'Ouest'),(7,1,3,2,NULL,4,'HT09','HT0931','DISPENSAIRE','DISPENSAIRE','M!le-Saint-Nicolas','Nord\'Ouest'),(5,1,3,1,11,20,'HT09','HT0931','CENTRE DE SANTE AVEC LIT','CENTRE DE SANTE AVEC LIT','M!le-Saint-Nicolas','Nord\'Ouest'),(6,4,3,1,2,9,'HT09','HT0932','CENTRE DE SANTE SANS LIT','CENTRE DE SANTE SANS LIT','Baie-de-Henne','Nord\'Ouest'),(7,1,3,2,NULL,4,'HT09','HT0932','DISPENSAIRE','DISPENSAIRE','Baie-de-Henne','Nord\'Ouest'),(7,2,3,2,3,11,'HT09','HT0932','DISPENSAIRE','DISPENSAIRE','Baie-de-Henne','Nord\'Ouest'),(7,1,1,2,NULL,8,'HT09','HT0932','DISPENSAIRE','DISPENSAIRE','Baie-de-Henne','Nord\'Ouest'),(7,1,3,1,1,5,'HT09','HT0932','DISPENSAIRE','DISPENSAIRE','Baie-de-Henne','Nord\'Ouest'),(6,1,3,2,NULL,2,'HT09','HT0932','CENTRE DE SANTE SANS LIT','CENTRE DE SANTE SANS LIT','Baie-de-Henne','Nord\'Ouest'),(5,1,1,1,19,9,'HT09','HT0933','CENTRE DE SANTE AVEC LIT','CENTRE DE SANTE AVEC LIT','Bombardopolis','Nord\'Ouest'),(7,4,NULL,NULL,NULL,NULL,'HT09','HT0933','DISPENSAIRE','DISPENSAIRE','Bombardopolis','Nord\'Ouest'),(7,1,3,2,NULL,21,'HT09','HT0933','DISPENSAIRE','DISPENSAIRE','Bombardopolis','Nord\'Ouest'),(7,1,3,1,NULL,18,'HT09','HT0933','DISPENSAIRE','DISPENSAIRE','Bombardopolis','Nord\'Ouest'),(7,1,3,1,NULL,4,'HT09','HT0933','DISPENSAIRE','DISPENSAIRE','Bombardopolis','Nord\'Ouest'),(7,1,3,2,NULL,6,'HT09','HT0934','DISPENSAIRE','DISPENSAIRE','Jean-Rabel','Nord\'Ouest'),(7,1,3,2,NULL,8,'HT09','HT0934','DISPENSAIRE','DISPENSAIRE','Jean-Rabel','Nord\'Ouest'),(7,1,3,2,NULL,4,'HT09','HT0934','DISPENSAIRE','DISPENSAIRE','Jean-Rabel','Nord\'Ouest'),(7,3,3,1,1,7,'HT09','HT0934','DISPENSAIRE','DISPENSAIRE','Jean-Rabel','Nord\'Ouest'),(7,1,NULL,NULL,NULL,NULL,'HT09','HT0934','DISPENSAIRE','DISPENSAIRE','Jean-Rabel','Nord\'Ouest'),(7,1,3,2,1,3,'HT09','HT0934','DISPENSAIRE','DISPENSAIRE','Jean-Rabel','Nord\'Ouest'),(7,1,3,2,4,11,'HT09','HT0934','DISPENSAIRE','DISPENSAIRE','Jean-Rabel','Nord\'Ouest'),(7,4,3,2,NULL,4,'HT09','HT0934','DISPENSAIRE','DISPENSAIRE','Jean-Rabel','Nord\'Ouest'),(7,1,3,2,NULL,3,'HT09','HT0934','DISPENSAIRE','DISPENSAIRE','Jean-Rabel','Nord\'Ouest'),(7,1,3,1,NULL,17,'HT09','HT0934','DISPENSAIRE','DISPENSAIRE','Jean-Rabel','Nord\'Ouest'),(7,1,3,2,1,3,'HT09','HT0934','DISPENSAIRE','DISPENSAIRE','Jean-Rabel','Nord\'Ouest'),(3,1,1,1,45,44,'HT09','HT0934','HOPITAL','HOPITAL COMMUNAUTAIRE DE REFERENCE','Jean-Rabel','Nord\'Ouest'),(7,1,3,2,NULL,4,'HT09','HT0934','DISPENSAIRE','DISPENSAIRE','Jean-Rabel','Nord\'Ouest'),(7,1,3,2,NULL,9,'HT09','HT0934','DISPENSAIRE','DISPENSAIRE','Jean-Rabel','Nord\'Ouest'),(7,4,3,2,NULL,13,'HT09','HT0934','DISPENSAIRE','DISPENSAIRE','Jean-Rabel','Nord\'Ouest'),(7,1,3,2,NULL,4,'HT09','HT0934','DISPENSAIRE','DISPENSAIRE','Jean-Rabel','Nord\'Ouest'),(7,4,3,2,NULL,10,'HT09','HT0934','DISPENSAIRE','DISPENSAIRE','Jean-Rabel','Nord\'Ouest'),(7,1,3,2,2,3,'HT09','HT0934','DISPENSAIRE','DISPENSAIRE','Jean-Rabel','Nord\'Ouest'),(7,1,3,2,NULL,6,'HT09','HT0934','DISPENSAIRE','DISPENSAIRE','Jean-Rabel','Nord\'Ouest'),(7,4,3,1,NULL,6,'HT10','HT1013','DISPENSAIRE','DISPENSAIRE','Fonds-des-N!gres','Nippes'),(5,3,1,1,28,41,'HT10','HT1013','CENTRE DE SANTE AVEC LIT','CENTRE DE SANTE AVEC LIT','Fonds-des-N!gres','Nippes'),(7,4,3,2,NULL,3,'HT10','HT1013','DISPENSAIRE','DISPENSAIRE','Fonds-des-N!gres','Nippes'),(6,4,3,1,2,11,'HT10','HT1024','CENTRE DE SANTE SANS LIT','CENTRE DE SANTE SANS LIT','Arnaud','Nippes'),(7,4,3,1,4,7,'HT10','HT1032','DISPENSAIRE','DISPENSAIRE','Grand-Boucan','Nippes'),(7,1,NULL,NULL,NULL,NULL,'HT10','HT1014','DISPENSAIRE','DISPENSAIRE','Paillant','Nippes'),(7,3,3,2,NULL,9,'HT10','HT1014','DISPENSAIRE','DISPENSAIRE','Paillant','Nippes'),(5,1,3,1,10,26,'HT10','HT1014','CENTRE DE SANTE AVEC LIT','CENTRE DE SANTE AVEC LIT','Paillant','Nippes'),(7,4,3,2,NULL,7,'HT03','HT0371','DISPENSAIRE','DISPENSAIRE','Plaisance','Nippes'),(5,4,3,1,6,6,'HT03','HT0371','CENTRE DE SANTE AVEC LIT','CENTRE DE SANTE AVEC LIT','Plaisance','Nippes'),(7,3,3,2,NULL,7,'HT10','HT1011','DISPENSAIRE','DISPENSAIRE','Mirago!ne','Nippes'),(7,4,3,2,1,1,'HT10','HT1011','DISPENSAIRE','DISPENSAIRE','Mirago!ne','Nippes'),(7,4,3,2,NULL,1,'HT10','HT1011','DISPENSAIRE','DISPENSAIRE','Mirago!ne','Nippes'),(7,4,3,2,1,1,'HT10','HT1011','DISPENSAIRE','DISPENSAIRE','Mirago!ne','Nippes'),(5,4,1,1,11,16,'HT10','HT1011','CENTRE DE SANTE AVEC LIT','CENTRE DE SANTE AVEC LIT','Mirago!ne','Nippes'),(7,1,3,2,1,5,'HT10','HT1011','DISPENSAIRE','DISPENSAIRE','Mirago!ne','Nippes'),(2,1,2,1,40,79,'HT10','HT1011','HOPITAL','HOPITAL DEPARTEMENTAL','Mirago!ne','Nippes'),(7,1,3,1,NULL,3,'HT10','HT1012','DISPENSAIRE','DISPENSAIRE','Petite-Rivi!re de Nippes','Nippes'),(5,4,3,1,NULL,5,'HT10','HT1012','CENTRE DE SANTE AVEC LIT','CENTRE DE SANTE AVEC LIT','Petite-Rivi!re de Nippes','Nippes'),(6,4,2,1,3,14,'HT10','HT1012','CENTRE DE SANTE SANS LIT','CENTRE DE SANTE SANS LIT','Petite-Rivi!re de Nippes','Nippes'),(7,4,3,1,NULL,1,'HT10','HT1021','DISPENSAIRE','DISPENSAIRE','Anse-!-Veau','Nippes'),(7,4,3,1,NULL,5,'HT10','HT1021','DISPENSAIRE','DISPENSAIRE','Anse-!-Veau','Nippes'),(3,3,1,1,2,34,'HT10','HT1021','HOPITAL','HOPITAL COMMUNAUTAIRE DE REFERENCE','Anse-!-Veau','Nippes'),(7,4,3,1,NULL,1,'HT10','HT1031','DISPENSAIRE','DISPENSAIRE','Barad!res','Nippes'),(5,1,1,1,6,11,'HT10','HT1031','CENTRE DE SANTE AVEC LIT','CENTRE DE SANTE AVEC LIT','Barad!res','Nippes'),(5,1,1,1,2,51,'HT10','HT1022','CENTRE DE SANTE AVEC LIT','CENTRE DE SANTE AVEC LIT','Petit-Trou','Nippes'),(7,1,3,2,NULL,9,'HT10','HT1023','DISPENSAIRE','DISPENSAIRE','L\'Asile','Nippes'),(7,4,3,2,NULL,4,'HT10','HT1023','DISPENSAIRE','DISPENSAIRE','L\'Asile','Nippes'),(3,1,1,1,32,30,'HT10','HT1023','HOPITAL','HOPITAL COMMUNAUTAIRE DE REFERENCE','L\'Asile','Nippes'),(7,2,3,2,NULL,2,'HT01','HT0141','DISPENSAIRE','DISPENSAIRE','Arcahaie','Ouest'),(6,2,3,1,NULL,8,'HT01','HT0141','CENTRE DE SANTE SANS LIT','CENTRE DE SANTE SANS LIT','Arcahaie','Ouest'),(6,4,3,2,NULL,3,'HT01','HT0141','CENTRE DE SANTE SANS LIT','CENTRE DE SANTE SANS LIT','Arcahaie','Ouest'),(6,3,NULL,NULL,NULL,NULL,'HT01','HT0141','CENTRE DE SANTE SANS LIT','CENTRE DE SANTE SANS LIT','Arcahaie','Ouest'),(6,2,3,2,NULL,4,'HT01','HT0141','CENTRE DE SANTE SANS LIT','CENTRE DE SANTE SANS LIT','Arcahaie','Ouest'),(7,2,3,2,NULL,10,'HT01','HT0141','DISPENSAIRE','DISPENSAIRE','Arcahaie','Ouest'),(5,3,3,1,3,8,'HT01','HT0142','CENTRE DE SANTE AVEC LIT','CENTRE DE SANTE AVEC LIT','Cabaret','Ouest'),(5,2,2,1,3,20,'HT01','HT0142','CENTRE DE SANTE AVEC LIT','CENTRE DE SANTE AVEC LIT','Cabaret','Ouest'),(5,3,NULL,NULL,NULL,NULL,'HT01','HT0142','CENTRE DE SANTE AVEC LIT','CENTRE DE SANTE AVEC LIT','Cabaret','Ouest'),(5,3,3,1,6,14,'HT01','HT0113','CENTRE DE SANTE AVEC LIT','CENTRE DE SANTE AVEC LIT','Carrefour','Ouest'),(6,2,3,2,NULL,1,'HT01','HT0113','CENTRE DE SANTE SANS LIT','CENTRE DE SANTE SANS LIT','Carrefour','Ouest'),(6,3,3,2,NULL,5,'HT01','HT0117','CENTRE DE SANTE SANS LIT','CENTRE DE SANTE SANS LIT','Cit!-Soleil','Ouest'),(6,3,3,1,NULL,4,'HT01','HT0131','CENTRE DE SANTE SANS LIT','CENTRE DE SANTE SANS LIT','Croix-des-Bouquets','Ouest'),(4,3,2,1,20,43,'HT01','HT0131','HOPITAL','AUTRES HOPITAUX','Croix-des-Bouquets','Ouest'),(6,3,3,2,1,6,'HT01','HT0131','CENTRE DE SANTE SANS LIT','CENTRE DE SANTE SANS LIT','Croix-des-Bouquets','Ouest'),(6,3,3,1,3,9,'HT01','HT0131','CENTRE DE SANTE SANS LIT','CENTRE DE SANTE SANS LIT','Croix-des-Bouquets','Ouest'),(6,1,3,1,NULL,4,'HT01','HT0131','CENTRE DE SANTE SANS LIT','CENTRE DE SANTE SANS LIT','Croix-des-Bouquets','Ouest'),(6,2,1,2,NULL,8,'HT01','HT0135','CENTRE DE SANTE SANS LIT','CENTRE DE SANTE SANS LIT','Fonds-Verrettes','Ouest'),(6,2,3,1,5,32,'HT01','HT0151','CENTRE DE SANTE SANS LIT','CENTRE DE SANTE SANS LIT','Anse-!-Galets','Ouest'),(6,3,3,1,4,8,'HT01','HT0151','CENTRE DE SANTE SANS LIT','CENTRE DE SANTE SANS LIT','Anse-!-Galets','Ouest'),(6,3,3,1,NULL,3,'HT01','HT0151','CENTRE DE SANTE SANS LIT','CENTRE DE SANTE SANS LIT','Anse-!-Galets','Ouest'),(6,3,3,2,NULL,4,'HT01','HT0151','CENTRE DE SANTE SANS LIT','CENTRE DE SANTE SANS LIT','Anse-!-Galets','Ouest'),(6,3,3,2,NULL,3,'HT01','HT0151','CENTRE DE SANTE SANS LIT','CENTRE DE SANTE SANS LIT','Anse-!-Galets','Ouest'),(6,3,3,2,NULL,3,'HT01','HT0151','CENTRE DE SANTE SANS LIT','CENTRE DE SANTE SANS LIT','Anse-!-Galets','Ouest'),(6,3,3,2,1,1,'HT01','HT0152','CENTRE DE SANTE SANS LIT','CENTRE DE SANTE SANS LIT','Pointe-!-Raquettes','Ouest'),(6,4,3,2,NULL,5,'HT05','HT0542','CENTRE DE SANTE SANS LIT','CENTRE DE SANTE SANS LIT','L!og!ne','Ouest'),(6,1,3,2,NULL,5,'HT05','HT0542','CENTRE DE SANTE SANS LIT','CENTRE DE SANTE SANS LIT','L!og!ne','Ouest'),(3,3,1,1,20,38,'HT05','HT0542','HOPITAL','HOPITAL COMMUNAUTAIRE DE REFERENCE','L!og!ne','Ouest'),(4,3,NULL,NULL,NULL,NULL,'HT05','HT0542','HOPITAL','AUTRES HOPITAUX','L!og!ne','Ouest'),(6,4,3,2,NULL,7,'HT05','HT0542','CENTRE DE SANTE SANS LIT','CENTRE DE SANTE SANS LIT','L!og!ne','Ouest'),(6,3,3,2,NULL,3,'HT05','HT0542','CENTRE DE SANTE SANS LIT','CENTRE DE SANTE SANS LIT','L!og!ne','Ouest'),(5,3,3,1,8,4,'HT05','HT0542','CENTRE DE SANTE AVEC LIT','CENTRE DE SANTE AVEC LIT','L!og!ne','Ouest'),(6,3,NULL,NULL,NULL,NULL,'HT05','HT0542','CENTRE DE SANTE SANS LIT','CENTRE DE SANTE SANS LIT','L!og!ne','Ouest'),(5,4,1,2,8,8,'HT05','HT0542','CENTRE DE SANTE AVEC LIT','CENTRE DE SANTE AVEC LIT','L!og!ne','Ouest'),(6,3,3,1,3,36,'HT05','HT0542','CENTRE DE SANTE SANS LIT','CENTRE DE SANTE SANS LIT','L!og!ne','Ouest'),(6,2,3,1,5,4,'HT01','HT0113','CENTRE DE SANTE SANS LIT','CENTRE DE SANTE SANS LIT','Carrefour','Ouest'),(6,3,3,1,NULL,16,'HT01','HT0113','CENTRE DE SANTE SANS LIT','CENTRE DE SANTE SANS LIT','Carrefour','Ouest'),(6,4,3,2,NULL,4,'HT01','HT0113','CENTRE DE SANTE SANS LIT','CENTRE DE SANTE SANS LIT','Carrefour','Ouest'),(5,2,3,1,4,7,'HT01','HT0113','CENTRE DE SANTE AVEC LIT','CENTRE DE SANTE AVEC LIT','Carrefour','Ouest'),(6,3,3,1,NULL,9,'HT01','HT0113','CENTRE DE SANTE SANS LIT','CENTRE DE SANTE SANS LIT','Carrefour','Ouest'),(5,3,3,2,NULL,5,'HT01','HT0113','CENTRE DE SANTE AVEC LIT','CENTRE DE SANTE AVEC LIT','Carrefour','Ouest'),(5,3,3,2,NULL,6,'HT01','HT0113','CENTRE DE SANTE AVEC LIT','CENTRE DE SANTE AVEC LIT','Carrefour','Ouest'),(5,2,3,1,NULL,11,'HT01','HT0117','CENTRE DE SANTE AVEC LIT','CENTRE DE SANTE AVEC LIT','Cit!-Soleil','Ouest'),(6,2,3,1,NULL,9,'HT01','HT0117','CENTRE DE SANTE SANS LIT','CENTRE DE SANTE SANS LIT','Cit!-Soleil','Ouest'),(6,4,3,1,NULL,5,'HT01','HT0131','CENTRE DE SANTE SANS LIT','CENTRE DE SANTE SANS LIT','Croix-des-Bouquets','Ouest'),(6,3,3,1,NULL,10,'HT01','HT0131','CENTRE DE SANTE SANS LIT','CENTRE DE SANTE SANS LIT','Croix-des-Bouquets','Ouest'),(6,3,3,2,NULL,5,'HT01','HT0131','CENTRE DE SANTE SANS LIT','CENTRE DE SANTE SANS LIT','Croix-des-Bouquets','Ouest'),(5,3,3,2,4,11,'HT01','HT0131','CENTRE DE SANTE AVEC LIT','CENTRE DE SANTE AVEC LIT','Croix-des-Bouquets','Ouest'),(6,2,NULL,NULL,NULL,NULL,'HT01','HT0131','CENTRE DE SANTE SANS LIT','CENTRE DE SANTE SANS LIT','Croix-des-Bouquets','Ouest'),(5,3,3,1,8,27,'HT01','HT0131','CENTRE DE SANTE AVEC LIT','CENTRE DE SANTE AVEC LIT','Croix-des-Bouquets','Ouest'),(6,3,1,1,8,33,'HT01','HT0112','CENTRE DE SANTE SANS LIT','CENTRE DE SANTE SANS LIT','Delmas','Ouest'),(6,3,3,1,1,5,'HT01','HT0112','CENTRE DE SANTE SANS LIT','CENTRE DE SANTE SANS LIT','Delmas','Ouest'),(6,3,3,1,2,6,'HT01','HT0112','CENTRE DE SANTE SANS LIT','CENTRE DE SANTE SANS LIT','Delmas','Ouest'),(6,3,NULL,NULL,NULL,NULL,'HT01','HT0112','CENTRE DE SANTE SANS LIT','CENTRE DE SANTE SANS LIT','Delmas','Ouest'),(5,3,3,1,4,15,'HT01','HT0112','CENTRE DE SANTE AVEC LIT','CENTRE DE SANTE AVEC LIT','Delmas','Ouest'),(7,3,3,1,NULL,6,'HT01','HT0112','DISPENSAIRE','DISPENSAIRE','Delmas','Ouest'),(5,3,3,1,NULL,7,'HT01','HT0112','CENTRE DE SANTE AVEC LIT','CENTRE DE SANTE AVEC LIT','Delmas','Ouest'),(6,3,2,1,NULL,12,'HT01','HT0112','CENTRE DE SANTE SANS LIT','CENTRE DE SANTE SANS LIT','Delmas','Ouest'),(6,2,3,2,NULL,5,'HT01','HT0112','CENTRE DE SANTE SANS LIT','CENTRE DE SANTE SANS LIT','Delmas','Ouest'),(6,2,1,1,NULL,16,'HT01','HT0112','CENTRE DE SANTE SANS LIT','CENTRE DE SANTE SANS LIT','Delmas','Ouest'),(6,3,3,2,NULL,8,'HT01','HT0112','CENTRE DE SANTE SANS LIT','CENTRE DE SANTE SANS LIT','Delmas','Ouest'),(5,3,3,1,NULL,6,'HT01','HT0116','CENTRE DE SANTE AVEC LIT','CENTRE DE SANTE AVEC LIT','Gressier','Ouest'),(6,4,3,2,NULL,6,'HT01','HT0116','CENTRE DE SANTE SANS LIT','CENTRE DE SANTE SANS LIT','Gressier','Ouest'),(6,3,NULL,NULL,NULL,NULL,'HT01','HT0116','CENTRE DE SANTE SANS LIT','CENTRE DE SANTE SANS LIT','Gressier','Ouest'),(5,3,3,2,5,5,'HT01','HT0116','CENTRE DE SANTE AVEC LIT','CENTRE DE SANTE AVEC LIT','Gressier','Ouest'),(6,2,3,1,NULL,5,'HT01','HT0114','CENTRE DE SANTE SANS LIT','CENTRE DE SANTE SANS LIT','P!tion-ville','Ouest'),(3,3,3,1,4,10,'HT01','HT0114','HOPITAL','HOPITAL COMMUNAUTAIRE DE REFERENCE','P!tion-ville','Ouest'),(5,4,3,1,NULL,5,'HT01','HT0114','CENTRE DE SANTE AVEC LIT','CENTRE DE SANTE AVEC LIT','P!tion-ville','Ouest'),(6,2,3,1,NULL,8,'HT01','HT0111','CENTRE DE SANTE SANS LIT','CENTRE DE SANTE SANS LIT','Port-Au-Prince','Ouest'),(6,2,3,1,4,14,'HT01','HT0111','CENTRE DE SANTE SANS LIT','CENTRE DE SANTE SANS LIT','Port-Au-Prince','Ouest'),(6,3,3,1,1,11,'HT01','HT0111','CENTRE DE SANTE SANS LIT','CENTRE DE SANTE SANS LIT','Port-Au-Prince','Ouest'),(6,3,3,1,NULL,5,'HT01','HT0111','CENTRE DE SANTE SANS LIT','CENTRE DE SANTE SANS LIT','Port-Au-Prince','Ouest'),(5,3,3,1,3,8,'HT01','HT0111','CENTRE DE SANTE AVEC LIT','CENTRE DE SANTE AVEC LIT','Port-Au-Prince','Ouest'),(6,2,3,1,NULL,6,'HT01','HT0111','CENTRE DE SANTE SANS LIT','CENTRE DE SANTE SANS LIT','Port-Au-Prince','Ouest'),(6,2,3,1,NULL,14,'HT01','HT0111','CENTRE DE SANTE SANS LIT','CENTRE DE SANTE SANS LIT','Port-Au-Prince','Ouest'),(3,3,1,1,16,33,'HT01','HT0111','HOPITAL','HOPITAL COMMUNAUTAIRE DE REFERENCE','Port-Au-Prince','Ouest'),(6,2,3,1,NULL,13,'HT01','HT0111','CENTRE DE SANTE SANS LIT','CENTRE DE SANTE SANS LIT','Port-Au-Prince','Ouest'),(6,3,3,1,NULL,9,'HT01','HT0111','CENTRE DE SANTE SANS LIT','CENTRE DE SANTE SANS LIT','Port-Au-Prince','Ouest'),(6,3,NULL,NULL,NULL,NULL,'HT01','HT0111','CENTRE DE SANTE SANS LIT','CENTRE DE SANTE SANS LIT','Port-Au-Prince','Ouest'),(6,3,3,1,3,9,'HT01','HT0111','CENTRE DE SANTE SANS LIT','CENTRE DE SANTE SANS LIT','Port-Au-Prince','Ouest'),(5,3,3,1,8,12,'HT01','HT0111','CENTRE DE SANTE AVEC LIT','CENTRE DE SANTE AVEC LIT','Port-Au-Prince','Ouest'),(6,4,3,1,NULL,10,'HT01','HT0111','CENTRE DE SANTE SANS LIT','CENTRE DE SANTE SANS LIT','Port-Au-Prince','Ouest'),(5,2,3,1,5,40,'HT01','HT0111','CENTRE DE SANTE AVEC LIT','CENTRE DE SANTE AVEC LIT','Port-Au-Prince','Ouest'),(5,2,2,1,8,12,'HT01','HT0118','CENTRE DE SANTE AVEC LIT','CENTRE DE SANTE AVEC LIT','Tabarre','Ouest'),(6,2,3,1,NULL,5,'HT01','HT0118','CENTRE DE SANTE SANS LIT','CENTRE DE SANTE SANS LIT','Tabarre','Ouest'),(6,2,3,1,NULL,4,'HT01','HT0118','CENTRE DE SANTE SANS LIT','CENTRE DE SANTE SANS LIT','Tabarre','Ouest'),(5,2,3,1,NULL,11,'HT01','HT0118','CENTRE DE SANTE AVEC LIT','CENTRE DE SANTE AVEC LIT','Tabarre','Ouest'),(6,4,3,1,NULL,5,'HT01','HT0118','CENTRE DE SANTE SANS LIT','CENTRE DE SANTE SANS LIT','Tabarre','Ouest'),(5,3,1,1,6,23,'HT01','HT0118','CENTRE DE SANTE AVEC LIT','CENTRE DE SANTE AVEC LIT','Tabarre','Ouest'),(5,3,3,1,5,10,'HT01','HT0118','CENTRE DE SANTE AVEC LIT','CENTRE DE SANTE AVEC LIT','Tabarre','Ouest'),(6,4,3,1,NULL,6,'HT01','HT0118','CENTRE DE SANTE SANS LIT','CENTRE DE SANTE SANS LIT','Tabarre','Ouest'),(5,3,3,1,NULL,7,'HT01','HT0118','CENTRE DE SANTE AVEC LIT','CENTRE DE SANTE AVEC LIT','Tabarre','Ouest'),(4,2,3,1,14,7,'HT01','HT0118','HOPITAL','AUTRES HOPITAUX','Tabarre','Ouest'),(6,3,3,2,NULL,2,'HT01','HT0118','CENTRE DE SANTE SANS LIT','CENTRE DE SANTE SANS LIT','Tabarre','Ouest'),(6,3,3,1,2,4,'HT04','HT0421','CENTRE DE SANTE SANS LIT','CENTRE DE SANTE SANS LIT','Ouanaminthe','Nord\'Est'),(6,3,3,1,1,10,'HT05','HT0541','CENTRE DE SANTE SANS LIT','CENTRE DE SANTE SANS LIT','Dessalines','Artibonite'),(4,3,3,1,1,7,'HT05','HT0531','HOPITAL','AUTRES HOPITAUX','Saint-Marc','Artibonite'),(6,3,3,2,NULL,2,'HT05','HT0532','CENTRE DE SANTE SANS LIT','CENTRE DE SANTE SANS LIT','Verrettes','Artibonite'),(7,4,3,2,1,19,'HT05','HT0532','DISPENSAIRE','DISPENSAIRE','Verrettes','Artibonite'),(6,2,3,1,NULL,11,'HT05','HT0531','CENTRE DE SANTE SANS LIT','CENTRE DE SANTE SANS LIT','Saint-Marc','Artibonite'),(7,4,3,2,2,3,'HT06','HT0633','DISPENSAIRE','DISPENSAIRE','Savanette','Centre'),(6,2,2,1,1,4,'HT06','HT0623','CENTRE DE SANTE SANS LIT','CENTRE DE SANTE SANS LIT','Boucan-Carr!','Centre'),(6,4,3,1,2,8,'HT06','HT0621','CENTRE DE SANTE SANS LIT','CENTRE DE SANTE SANS LIT','Mirebalais','Centre'),(6,2,3,1,3,7,'HT06','HT0611','CENTRE DE SANTE SANS LIT','CENTRE DE SANTE SANS LIT','Hinche','Centre'),(4,2,3,1,29,12,'HT06','HT0631','HOPITAL','AUTRES HOPITAUX','Lascahobas','Centre'),(6,3,1,1,6,11,'HT06','HT0632','CENTRE DE SANTE SANS LIT','CENTRE DE SANTE SANS LIT','Bellad!re','Centre'),(5,2,3,2,NULL,2,'HT03','HT0345','CENTRE DE SANTE AVEC LIT','CENTRE DE SANTE AVEC LIT','La Victoire','Nord'),(6,3,3,1,NULL,8,'HT03','HT0311','CENTRE DE SANTE SANS LIT','CENTRE DE SANTE SANS LIT','Cap-Ha!tien','Nord'),(6,3,2,1,NULL,4,'HT03','HT0311','CENTRE DE SANTE SANS LIT','CENTRE DE SANTE SANS LIT','Cap-Ha!tien','Nord'),(3,4,1,1,6,39,'HT03','HT0311','HOPITAL','HOPITAL COMMUNAUTAIRE DE REFERENCE','Cap-Ha!tien','Nord'),(6,2,3,1,NULL,5,'HT03','HT0311','CENTRE DE SANTE SANS LIT','CENTRE DE SANTE SANS LIT','Cap-Ha!tien','Nord'),(5,4,3,1,NULL,4,'HT03','HT0311','CENTRE DE SANTE AVEC LIT','CENTRE DE SANTE AVEC LIT','Cap-Ha!tien','Nord'),(5,3,3,1,5,10,'HT03','HT0311','CENTRE DE SANTE AVEC LIT','CENTRE DE SANTE AVEC LIT','Cap-Ha!tien','Nord'),(6,3,3,2,NULL,2,'HT03','HT0323','CENTRE DE SANTE SANS LIT','CENTRE DE SANTE SANS LIT','Milot','Nord'),(6,3,3,1,NULL,14,'HT03','HT0331','CENTRE DE SANTE SANS LIT','CENTRE DE SANTE SANS LIT','Grande-Rivi!re','Nord'),(6,3,3,1,NULL,5,'HT03','HT0313','CENTRE DE SANTE SANS LIT','CENTRE DE SANTE SANS LIT','Limonade','Nord'),(5,3,3,1,6,9,'HT03','HT0322','CENTRE DE SANTE AVEC LIT','CENTRE DE SANTE AVEC LIT','Plaine-du-Nord','Nord'),(3,4,3,1,54,54,'HT03','HT0322','HOPITAL','HOPITAL COMMUNAUTAIRE DE REFERENCE','Plaine-du-Nord','Nord'),(5,4,3,1,6,19,'HT03','HT0371','CENTRE DE SANTE AVEC LIT','CENTRE DE SANTE AVEC LIT','Plaisance','Nord'),(6,2,3,1,8,10,'HT03','HT0371','CENTRE DE SANTE SANS LIT','CENTRE DE SANTE SANS LIT','Plaisance','Nord'),(4,2,3,1,12,23,'HT03','HT0321','HOPITAL','AUTRES HOPITAUX','Acul-du-Nord','Nord'),(6,2,3,1,NULL,6,'HT03','HT0312','CENTRE DE SANTE SANS LIT','CENTRE DE SANTE SANS LIT','Quartier-Morin','Nord'),(6,3,1,2,NULL,9,'HT03','HT0312','CENTRE DE SANTE SANS LIT','CENTRE DE SANTE SANS LIT','Quartier-Morin','Nord'),(4,3,3,1,23,24,'HT03','HT0322','HOPITAL','AUTRES HOPITAUX','Plaine-du-Nord','Nord'),(4,3,1,1,4,30,'HT03','HT0311','HOPITAL','AUTRES HOPITAUX','Cap-Ha!tien','Nord'),(6,4,3,1,NULL,3,'HT03','HT0311','CENTRE DE SANTE SANS LIT','CENTRE DE SANTE SANS LIT','Cap-Ha!tien','Nord'),(6,4,3,2,NULL,4,'HT03','HT0322','CENTRE DE SANTE SANS LIT','CENTRE DE SANTE SANS LIT','Plaine-du-Nord','Nord'),(6,3,NULL,NULL,NULL,NULL,'HT03','HT0321','CENTRE DE SANTE SANS LIT','CENTRE DE SANTE SANS LIT','St-Ls-du-Nord\'Ouest','Nord\'Ouest'),(5,3,3,1,2,5,'HT03','HT0321','CENTRE DE SANTE AVEC LIT','CENTRE DE SANTE AVEC LIT','St-Ls-du-Nord\'Ouest','Nord\'Ouest'),(7,1,3,2,NULL,17,'HT09','HT0933','DISPENSAIRE','DISPENSAIRE','Bombardopolis','Nord\'Ouest'),(7,2,3,2,NULL,3,'HT09','HT0931','DISPENSAIRE','DISPENSAIRE','M!le-Saint-Nicolas','Nord\'Ouest'),(6,3,3,1,3,6,'HT09','HT0912','CENTRE DE SANTE SANS LIT','CENTRE DE SANTE SANS LIT','La Tortue','Nord\'Ouest'),(5,3,2,1,6,5,'HT08','HT0834','CENTRE DE SANTE AVEC LIT','CENTRE DE SANTE AVEC LIT','Pestel','Grand\'Anse'),(7,4,3,2,NULL,2,'HT10','HT1014','DISPENSAIRE','DISPENSAIRE','Paillant','Nippes'),(7,4,3,1,NULL,8,'HT08','HT0811','DISPENSAIRE','DISPENSAIRE','J!r!mie','Grand\'Anse'),(6,2,3,1,NULL,3,'HT08','HT0814','CENTRE DE SANTE SANS LIT','CENTRE DE SANTE SANS LIT','Moron','Grand\'Anse'),(6,3,3,1,NULL,6,'HT10','HT1013','CENTRE DE SANTE SANS LIT','CENTRE DE SANTE SANS LIT','Fonds-des-N!gres','Nippes'),(6,3,3,1,NULL,4,'HT10','HT1023','CENTRE DE SANTE SANS LIT','CENTRE DE SANTE SANS LIT','L\'Asile','Nippes'),(6,3,3,1,NULL,4,'HT10','HT1031','CENTRE DE SANTE SANS LIT','CENTRE DE SANTE SANS LIT','Barad!res','Nippes'),(6,2,3,1,NULL,4,'HT08','HT0811','CENTRE DE SANTE SANS LIT','CENTRE DE SANTE SANS LIT','J!r!mie','Grand\'Anse'),(6,3,3,1,4,9,'HT06','HT0632','CENTRE DE SANTE SANS LIT','CENTRE DE SANTE SANS LIT','Bellad!re','Centre'),(6,2,3,1,NULL,20,'HT07','HT0733','CENTRE DE SANTE SANS LIT','CENTRE DE SANTE SANS LIT','Cavaillon','Sud'),(6,3,3,1,NULL,13,'HT07','HT0733','CENTRE DE SANTE SANS LIT','CENTRE DE SANTE SANS LIT','Cavaillon','Sud'),(6,3,3,1,NULL,2,'HT07','HT0733','CENTRE DE SANTE SANS LIT','CENTRE DE SANTE SANS LIT','Cavaillon','Sud'),(6,3,NULL,NULL,NULL,NULL,'HT07','HT0733','CENTRE DE SANTE SANS LIT','CENTRE DE SANTE SANS LIT','Cavaillon','Sud'),(6,3,3,1,NULL,3,'HT07','HT0731','CENTRE DE SANTE SANS LIT','CENTRE DE SANTE SANS LIT','Aquin','Sud'),(7,4,3,1,NULL,3,'HT07','HT0731','DISPENSAIRE','DISPENSAIRE','Aquin','Sud'),(6,2,3,1,3,6,'HT02','HT0232','CENTRE DE SANTE SANS LIT','CENTRE DE SANTE SANS LIT','Grand-Gosier','Sud\'est'),(6,2,3,2,NULL,7,'HT02','HT0231','CENTRE DE SANTE SANS LIT','CENTRE DE SANTE SANS LIT','Belle-Anse','Sud\'est'),(4,4,1,1,20,45,'HT02','HT0222','HOPITAL','AUTRES HOPITAUX','C!tes-de-Fer','Sud\'est'),(7,1,3,1,3,7,'HT02','HT0212','DISPENSAIRE','DISPENSAIRE','Marigot','Sud\'est'),(7,2,3,2,NULL,3,'HT02','HT0213','DISPENSAIRE','DISPENSAIRE','Cayes-Jacmel','Sud\'est'),(6,3,1,1,1,10,'HT03','HT0311','CENTRE DE SANTE SANS LIT','CENTRE DE SANTE SANS LIT','Cap-Haitien','Nord'),(7,4,3,2,NULL,6,'HT07','HT0731','DISPENSAIRE','DISPENSAIRE','Aquin','Sud'),(5,2,3,2,7,4,'HT02','HT0213','CENTRE DE SANTE AVEC LIT','CENTRE DE SANTE AVEC LIT','Cayes-Jacmel','Sud\'est'),(6,3,3,1,NULL,5,'HT01','HT0121','CENTRE DE SANTE SANS LIT','CENTRE DE SANTE SANS LIT','Leogane','Ouest'),(6,2,3,1,NULL,2,'HT03','HT0313','CENTRE DE SANTE SANS LIT','CENTRE DE SANTE SANS LIT','Limonade','Nord'),(6,2,3,1,NULL,6,'HT03','HT0322','CENTRE DE SANTE SANS LIT','CENTRE DE SANTE SANS LIT','Plaine du Nord','Nord'),(6,4,3,2,NULL,2,'HT08','HT0811','CENTRE DE SANTE SANS LIT','CENTRE DE SANTE SANS LIT','Jeremie','Grand\'Anse'),(4,3,3,1,15,31,'HT02','HT0213','HOPITAL','AUTRES HOPITAUX','Cayes','Sud'),(7,2,3,1,NULL,6,'HT02','HT0213','DISPENSAIRE','DISPENSAIRE','Cayes','Sud'),(6,3,3,1,4,10,'HT01','HT0122','CENTRE DE SANTE SANS LIT','CENTRE DE SANTE SANS LIT','Petit Goave','Ouest'),(6,1,3,2,1,4,'HT01','HT0131','CENTRE DE SANTE SANS LIT','CENTRE DE SANTE SANS LIT','Cx Des Bouquets','Ouest'),(7,2,3,2,1,5,'HT08','HT0831','DISPENSAIRE','DISPENSAIRE','Corail','Grand\'Anse'),(6,1,3,2,2,1,'HT08','HT0834','CENTRE DE SANTE SANS LIT','CENTRE DE SANTE SANS LIT','Pestel','Grand\'Anse'),(4,2,3,1,NULL,2,'HT01','HT0115','HOPITAL','AUTRES HOPITAUX','Kenscoff','Ouest'),(6,4,3,1,3,8,'HT07','HT0712','CENTRE DE SANTE SANS LIT','CENTRE DE SANTE SANS LIT','Torbeck','Sud'),(6,2,1,1,NULL,13,'HT01','HT0131','CENTRE DE SANTE SANS LIT','CENTRE DE SANTE SANS LIT','Cx Des Bouquets','Ouest'),(6,3,1,1,NULL,19,'HT01','HT0122','CENTRE DE SANTE SANS LIT','CENTRE DE SANTE SANS LIT','Petit Goave','Ouest'),(6,4,1,2,NULL,8,'HT07','HT0733','CENTRE DE SANTE SANS LIT','CENTRE DE SANTE SANS LIT','Cavaillon','Sud'),(7,2,3,2,NULL,8,'HT10','HT1023','DISPENSAIRE','DISPENSAIRE','L\'Asile','Nippes'),(6,4,3,1,NULL,5,'HT10','HT1021','CENTRE DE SANTE SANS LIT','CENTRE DE SANTE SANS LIT','Anse A Veau','Nippes'),(5,3,3,2,5,8,'HT05','HT0531','CENTRE DE SANTE AVEC LIT','CENTRE DE SANTE AVEC LIT','St Marc','Artibonite'),(6,3,3,2,NULL,2,'HT02','HT0221','CENTRE DE SANTE SANS LIT','CENTRE DE SANTE SANS LIT','Bainet','Sud\'est'),(7,3,3,2,NULL,2,'HT02','HT0221','DISPENSAIRE','DISPENSAIRE','Bainet','Sud\'est'),(7,2,3,2,NULL,1,'HT02','HT0221','DISPENSAIRE','DISPENSAIRE','Bainet','Sud\'est'),(6,4,3,2,NULL,7,'HT02','HT0213','CENTRE DE SANTE SANS LIT','CENTRE DE SANTE SANS LIT','Cayes','Sud'),(6,3,3,1,3,7,'HT03','HT0361','CENTRE DE SANTE SANS LIT','CENTRE DE SANTE SANS LIT','Limbe','Nord'),(6,4,3,2,NULL,2,'HT01','HT0133','CENTRE DE SANTE SANS LIT','CENTRE DE SANTE SANS LIT','Ganthier','Ouest'),(6,3,3,1,NULL,5,'HT03','HT0311','CENTRE DE SANTE SANS LIT','CENTRE DE SANTE SANS LIT','Cap-Haitien','Nord'),(7,3,3,1,NULL,4,'HT02','HT0213','DISPENSAIRE','DISPENSAIRE','Cayes','Sud'),(7,1,3,2,NULL,2,'HT02','HT0213','DISPENSAIRE','DISPENSAIRE','Cayes','Sud'),(7,2,3,2,NULL,4,'HT05','HT0521','DISPENSAIRE','DISPENSAIRE','Gros Morne','Artibonite'),(6,4,3,1,NULL,3,'HT01','HT0112','CENTRE DE SANTE SANS LIT','CENTRE DE SANTE SANS LIT','Delmas','Ouest'),(6,4,3,2,NULL,3,'HT09','HT0911','CENTRE DE SANTE SANS LIT','CENTRE DE SANTE SANS LIT','Port-De-Paix','Nord\'Ouest'),(6,2,3,2,NULL,8,'HT07','HT0711','CENTRE DE SANTE SANS LIT','CENTRE DE SANTE SANS LIT','Les Cayes','Sud'),(6,4,3,1,NULL,5,'HT01','HT0111','CENTRE DE SANTE SANS LIT','CENTRE DE SANTE SANS LIT','Port Au Prince','Ouest'),(7,1,3,2,1,11,'HT04','HT0434','DISPENSAIRE','DISPENSAIRE','Caracol','Nord\'Est'),(6,2,3,1,NULL,6,'HT02','HT0211','CENTRE DE SANTE SANS LIT','CENTRE DE SANTE SANS LIT','Jacmel','Sud\'est'),(6,2,3,1,NULL,6,'HT05','HT0542','CENTRE DE SANTE SANS LIT','CENTRE DE SANTE SANS LIT','L!og!ne','Ouest'),(7,2,3,2,NULL,2,'HT02','HT0211','DISPENSAIRE','DISPENSAIRE','Jacmel','Sud\'est'),(6,3,1,1,NULL,6,'HT01','HT0141','CENTRE DE SANTE SANS LIT','CENTRE DE SANTE SANS LIT','Arcahaie','Ouest'),(6,3,3,1,NULL,5,'HT06','HT0621','CENTRE DE SANTE SANS LIT','CENTRE DE SANTE SANS LIT','Mirbalais','Centre'),(5,3,3,1,3,14,'HT02','HT0211','CENTRE DE SANTE AVEC LIT','CENTRE DE SANTE AVEC LIT','Jacmel','Sud\'est');
/*!40000 ALTER TABLE `spa` ENABLE KEYS */;
UNLOCK TABLES;
/*!40103 SET TIME_ZONE=@OLD_TIME_ZONE */;

/*!40101 SET SQL_MODE=@OLD_SQL_MODE */;
/*!40014 SET FOREIGN_KEY_CHECKS=@OLD_FOREIGN_KEY_CHECKS */;
/*!40014 SET UNIQUE_CHECKS=@OLD_UNIQUE_CHECKS */;
/*!40101 SET CHARACTER_SET_CLIENT=@OLD_CHARACTER_SET_CLIENT */;
/*!40101 SET CHARACTER_SET_RESULTS=@OLD_CHARACTER_SET_RESULTS */;
/*!40101 SET COLLATION_CONNECTION=@OLD_COLLATION_CONNECTION */;
/*!40111 SET SQL_NOTES=@OLD_SQL_NOTES */;

-- Dump completed on 2021-08-22 20:53:00
