,factype,mga,ambulance,service_laboratory,num_beds,ambulance,full_time,adm1code,adm2code
0,7.0,3,3.0,1.0,,3.0,5.0,HT01,HT0111
1,3.0,1,3.0,1.0,25.0,3.0,18.0,HT01,HT0111
2,6.0,3,1.0,1.0,201.0,1.0,141.0,HT01,HT0111
3,5.0,3,3.0,1.0,7.0,3.0,13.0,HT01,HT0111
4,6.0,2,3.0,1.0,,3.0,10.0,HT01,HT0111
5,6.0,4,3.0,1.0,2.0,3.0,8.0,HT01,HT0111
6,5.0,2,3.0,2.0,5.0,3.0,5.0,HT01,HT0111
7,6.0,3,3.0,1.0,,3.0,6.0,HT01,HT0111
8,6.0,3,3.0,1.0,,3.0,5.0,HT01,HT0111
9,6.0,3,3.0,2.0,,3.0,2.0,HT01,HT0111
10,7.0,3,3.0,2.0,3.0,3.0,10.0,HT01,HT0111
11,6.0,3,3.0,2.0,,3.0,5.0,HT01,HT0111
12,4.0,3,1.0,1.0,7.0,1.0,17.0,HT01,HT0111
13,6.0,3,3.0,2.0,,3.0,12.0,HT01,HT0111
14,4.0,3,3.0,1.0,24.0,3.0,57.0,HT01,HT0111
15,6.0,2,1.0,1.0,12.0,1.0,9.0,HT01,HT0111
16,1.0,1,3.0,1.0,652.0,3.0,381.0,HT01,HT0111
17,4.0,3,3.0,1.0,30.0,3.0,97.0,HT01,HT0111
18,6.0,1,3.0,1.0,,3.0,40.0,HT01,HT0111
19,6.0,4,3.0,2.0,,3.0,4.0,HT01,HT0111
20,4.0,3,1.0,1.0,40.0,1.0,104.0,HT01,HT0111
21,4.0,1,1.0,1.0,60.0,1.0,63.0,HT01,HT0111
22,4.0,2,3.0,1.0,30.0,3.0,40.0,HT01,HT0111
23,6.0,1,3.0,2.0,,3.0,4.0,HT01,HT0111
24,6.0,2,3.0,1.0,,3.0,12.0,HT01,HT0111
25,6.0,3,3.0,1.0,,3.0,15.0,HT01,HT0111
26,6.0,2,,,,,,HT01,HT0111
27,6.0,4,1.0,1.0,30.0,1.0,57.0,HT01,HT0111
28,4.0,3,3.0,2.0,24.0,3.0,27.0,HT01,HT0111
29,4.0,3,3.0,1.0,13.0,3.0,35.0,HT01,HT0111
30,6.0,3,3.0,2.0,,3.0,7.0,HT01,HT0111
31,4.0,3,3.0,1.0,10.0,3.0,18.0,HT01,HT0111
32,6.0,4,3.0,1.0,,3.0,5.0,HT01,HT0111
33,6.0,4,3.0,1.0,,3.0,31.0,HT01,HT0111
34,4.0,3,3.0,1.0,9.0,3.0,46.0,HT01,HT0111
35,4.0,2,3.0,1.0,25.0,3.0,21.0,HT01,HT0111
36,6.0,3,3.0,1.0,,3.0,10.0,HT01,HT0111
37,6.0,1,3.0,1.0,,3.0,51.0,HT01,HT0111
38,6.0,4,3.0,1.0,,3.0,14.0,HT01,HT0111
39,5.0,3,3.0,1.0,,3.0,5.0,HT01,HT0111
40,6.0,4,3.0,2.0,2.0,3.0,2.0,HT01,HT0111
41,6.0,3,3.0,1.0,3.0,3.0,13.0,HT01,HT0111
42,6.0,3,3.0,1.0,,3.0,15.0,HT01,HT0111
43,4.0,3,3.0,1.0,8.0,3.0,9.0,HT01,HT0111
44,4.0,2,1.0,2.0,13.0,1.0,107.0,HT01,HT0111
45,6.0,2,3.0,1.0,,3.0,13.0,HT01,HT0111
46,6.0,2,3.0,1.0,1.0,3.0,11.0,HT01,HT0111
47,6.0,3,3.0,1.0,,3.0,3.0,HT01,HT0111
48,6.0,1,3.0,1.0,,3.0,42.0,HT01,HT0117
49,5.0,2,3.0,1.0,,3.0,19.0,HT01,HT0117
50,6.0,2,1.0,2.0,4.0,1.0,23.0,HT01,HT0117
51,4.0,2,1.0,1.0,40.0,1.0,119.0,HT01,HT0117
52,6.0,2,3.0,1.0,2.0,3.0,10.0,HT01,HT0117
53,4.0,2,3.0,2.0,,3.0,7.0,HT01,HT0117
54,4.0,1,2.0,1.0,97.0,2.0,55.0,HT01,HT0117
55,6.0,3,3.0,1.0,,3.0,6.0,HT01,HT0117
56,5.0,3,3.0,1.0,,3.0,10.0,HT01,HT0117
57,5.0,2,1.0,1.0,,1.0,10.0,HT01,HT0117
58,6.0,1,1.0,2.0,,1.0,5.0,HT01,HT0117
59,5.0,3,3.0,1.0,,3.0,16.0,HT01,HT0112
60,4.0,3,3.0,1.0,16.0,3.0,45.0,HT01,HT0112
61,4.0,4,2.0,1.0,15.0,2.0,76.0,HT01,HT0112
62,1.0,1,3.0,1.0,75.0,3.0,139.0,HT01,HT0112
63,4.0,1,1.0,1.0,60.0,1.0,202.0,HT01,HT0112
64,6.0,1,3.0,1.0,4.0,3.0,38.0,HT01,HT0112
65,6.0,2,3.0,1.0,,3.0,10.0,HT01,HT0112
66,4.0,3,1.0,1.0,50.0,1.0,165.0,HT01,HT0112
67,5.0,2,3.0,1.0,20.0,3.0,51.0,HT01,HT0112
68,6.0,1,3.0,1.0,,3.0,29.0,HT01,HT0112
69,6.0,3,3.0,1.0,,3.0,5.0,HT01,HT0112
70,6.0,2,3.0,1.0,,3.0,5.0,HT01,HT0112
71,6.0,4,3.0,1.0,,3.0,11.0,HT01,HT0112
72,6.0,2,3.0,1.0,25.0,3.0,15.0,HT01,HT0112
73,6.0,3,3.0,1.0,,3.0,7.0,HT01,HT0112
74,4.0,2,1.0,1.0,68.0,1.0,215.0,HT01,HT0112
75,1.0,1,3.0,1.0,140.0,3.0,303.0,HT01,HT0112
76,4.0,3,3.0,1.0,39.0,3.0,95.0,HT01,HT0112
77,4.0,2,2.0,1.0,8.0,2.0,28.0,HT01,HT0112
78,6.0,2,1.0,1.0,,1.0,15.0,HT01,HT0112
79,5.0,3,3.0,1.0,2.0,3.0,26.0,HT01,HT0112
80,5.0,3,3.0,2.0,1.0,3.0,6.0,HT01,HT0112
81,4.0,2,3.0,1.0,10.0,3.0,12.0,HT01,HT0112
82,6.0,2,3.0,1.0,,3.0,6.0,HT01,HT0112
83,4.0,2,1.0,1.0,,1.0,28.0,HT01,HT0112
84,6.0,3,3.0,1.0,,3.0,11.0,HT01,HT0112
85,5.0,3,1.0,2.0,,1.0,5.0,HT01,HT0112
86,6.0,3,3.0,1.0,5.0,3.0,12.0,HT01,HT0112
87,6.0,3,3.0,1.0,,3.0,3.0,HT01,HT0112
88,6.0,1,3.0,1.0,,3.0,61.0,HT01,HT0112
89,6.0,1,3.0,1.0,1.0,3.0,46.0,HT01,HT0112
90,6.0,3,3.0,1.0,,3.0,8.0,HT01,HT0112
91,6.0,3,3.0,1.0,,3.0,8.0,HT01,HT0118
92,4.0,2,3.0,1.0,20.0,3.0,41.0,HT01,HT0118
93,4.0,1,1.0,1.0,132.0,1.0,332.0,HT01,HT0118
94,4.0,2,3.0,1.0,87.0,3.0,88.0,HT01,HT0118
95,4.0,2,3.0,1.0,,3.0,3.0,HT01,HT0118
96,6.0,3,1.0,2.0,,1.0,4.0,HT01,HT0118
97,4.0,2,1.0,1.0,50.0,1.0,156.0,HT01,HT0118
98,4.0,4,3.0,1.0,33.0,3.0,43.0,HT01,HT0118
99,6.0,4,3.0,1.0,,3.0,17.0,HT01,HT0113
100,6.0,4,3.0,1.0,,3.0,3.0,HT01,HT0113
101,6.0,4,3.0,1.0,9.0,3.0,28.0,HT01,HT0113
102,5.0,3,3.0,1.0,3.0,3.0,13.0,HT01,HT0113
103,5.0,4,3.0,2.0,3.0,3.0,13.0,HT01,HT0113
104,5.0,3,3.0,1.0,,3.0,17.0,HT01,HT0113
105,6.0,1,3.0,2.0,,3.0,31.0,HT01,HT0113
106,4.0,3,3.0,1.0,25.0,3.0,65.0,HT01,HT0113
107,5.0,3,3.0,1.0,,3.0,9.0,HT01,HT0113
108,6.0,2,3.0,2.0,4.0,3.0,2.0,HT01,HT0113
109,5.0,3,3.0,1.0,4.0,3.0,15.0,HT01,HT0113
110,3.0,1,3.0,1.0,35.0,3.0,88.0,HT01,HT0113
111,1.0,3,1.0,1.0,24.0,1.0,93.0,HT01,HT0113
112,6.0,3,3.0,1.0,,3.0,31.0,HT01,HT0113
113,6.0,4,3.0,2.0,,3.0,10.0,HT01,HT0113
114,6.0,4,3.0,2.0,,3.0,8.0,HT01,HT0113
115,6.0,4,3.0,1.0,8.0,3.0,13.0,HT01,HT0113
116,5.0,3,3.0,2.0,6.0,3.0,6.0,HT01,HT0113
117,7.0,2,3.0,1.0,,3.0,19.0,HT01,HT0113
118,6.0,3,3.0,1.0,,3.0,5.0,HT01,HT0113
119,6.0,3,3.0,1.0,,3.0,16.0,HT01,HT0113
120,6.0,3,3.0,2.0,,3.0,4.0,HT01,HT0113
121,7.0,1,3.0,2.0,2.0,3.0,37.0,HT01,HT0113
122,6.0,2,3.0,1.0,,3.0,10.0,HT01,HT0113
123,6.0,3,3.0,2.0,,3.0,6.0,HT01,HT0113
124,7.0,1,3.0,2.0,,3.0,2.0,HT01,HT0113
125,6.0,3,3.0,1.0,,3.0,6.0,HT01,HT0113
126,3.0,1,3.0,1.0,49.0,3.0,135.0,HT01,HT0113
127,4.0,3,3.0,1.0,9.0,3.0,39.0,HT01,HT0114
128,6.0,4,3.0,1.0,,3.0,7.0,HT01,HT0114
129,6.0,3,3.0,2.0,,3.0,20.0,HT01,HT0114
130,6.0,4,3.0,1.0,,3.0,36.0,HT01,HT0114
131,4.0,3,,,,,,HT01,HT0114
132,3.0,1,3.0,1.0,26.0,3.0,43.0,HT01,HT0114
133,6.0,1,3.0,1.0,,3.0,14.0,HT01,HT0114
134,4.0,3,3.0,1.0,7.0,3.0,20.0,HT01,HT0114
135,6.0,4,3.0,1.0,,3.0,10.0,HT01,HT0114
136,4.0,3,3.0,1.0,8.0,3.0,24.0,HT01,HT0114
137,6.0,3,3.0,2.0,,3.0,4.0,HT01,HT0114
138,6.0,3,3.0,1.0,3.0,3.0,4.0,HT01,HT0114
139,6.0,3,3.0,1.0,4.0,3.0,13.0,HT01,HT0114
140,3.0,3,3.0,1.0,63.0,3.0,117.0,HT01,HT0114
141,6.0,1,3.0,1.0,,3.0,10.0,HT01,HT0114
142,7.0,3,3.0,2.0,4.0,3.0,19.0,HT01,HT0114
143,7.0,4,3.0,1.0,,3.0,8.0,HT01,HT0114
144,6.0,4,3.0,1.0,,3.0,6.0,HT01,HT0114
145,6.0,4,3.0,1.0,,3.0,17.0,HT01,HT0114
146,6.0,3,3.0,1.0,4.0,3.0,7.0,HT01,HT0114
147,6.0,3,3.0,1.0,4.0,3.0,14.0,HT01,HT0114
148,6.0,3,3.0,1.0,,3.0,5.0,HT01,HT0114
149,6.0,3,3.0,2.0,2.0,3.0,10.0,HT01,HT0114
150,7.0,3,3.0,2.0,,3.0,8.0,HT01,HT0115
151,6.0,1,3.0,1.0,,3.0,13.0,HT01,HT0115
152,7.0,1,3.0,2.0,,3.0,6.0,HT01,HT0115
153,4.0,4,3.0,1.0,64.0,3.0,87.0,HT01,HT0115
154,7.0,2,3.0,2.0,,3.0,4.0,HT01,HT0115
155,7.0,4,3.0,2.0,,3.0,6.0,HT01,HT0115
156,7.0,3,3.0,2.0,,3.0,10.0,HT01,HT0115
157,7.0,3,3.0,2.0,,3.0,6.0,HT01,HT0115
158,7.0,1,3.0,2.0,,3.0,1.0,HT01,HT0115
159,7.0,3,3.0,2.0,,3.0,1.0,HT01,HT0115
160,5.0,3,3.0,2.0,2.0,3.0,8.0,HT01,HT0116
161,6.0,3,3.0,2.0,,3.0,5.0,HT01,HT0116
162,5.0,1,3.0,1.0,14.0,3.0,51.0,HT01,HT0116
163,7.0,2,3.0,2.0,,3.0,7.0,HT01,HT0116
164,6.0,3,,,,,,HT01,HT0116
165,6.0,2,1.0,1.0,,1.0,13.0,HT01,HT0116
166,6.0,2,3.0,2.0,,3.0,6.0,HT01,HT0116
167,7.0,3,3.0,1.0,25.0,3.0,11.0,HT01,HT0116
168,5.0,3,3.0,2.0,,3.0,9.0,HT01,HT0116
169,7.0,3,3.0,2.0,,3.0,5.0,HT05,HT0542
170,7.0,3,3.0,2.0,,3.0,4.0,HT05,HT0542
171,6.0,4,3.0,2.0,,3.0,5.0,HT05,HT0542
172,6.0,4,3.0,2.0,,3.0,5.0,HT05,HT0542
173,5.0,1,3.0,1.0,3.0,3.0,9.0,HT05,HT0542
174,6.0,3,3.0,1.0,,3.0,4.0,HT05,HT0542
175,3.0,1,1.0,1.0,100.0,1.0,89.0,HT05,HT0542
176,6.0,1,1.0,1.0,,1.0,17.0,HT05,HT0542
177,3.0,3,,,,,,HT05,HT0542
178,5.0,1,,,,,,HT05,HT0542
179,6.0,2,3.0,1.0,,3.0,5.0,HT05,HT0542
180,6.0,4,3.0,1.0,,3.0,9.0,HT05,HT0542
181,6.0,4,3.0,1.0,,3.0,5.0,HT05,HT0542
182,4.0,3,1.0,1.0,16.0,1.0,32.0,HT05,HT0542
183,6.0,3,3.0,2.0,,3.0,6.0,HT05,HT0542
184,4.0,1,3.0,1.0,60.0,3.0,35.0,HT05,HT0542
185,7.0,4,3.0,2.0,1.0,3.0,11.0,HT05,HT0542
186,3.0,1,1.0,1.0,72.0,1.0,87.0,HT01,HT0122
187,7.0,2,3.0,2.0,,3.0,1.0,HT01,HT0122
188,6.0,1,3.0,1.0,4.0,3.0,8.0,HT01,HT0122
189,6.0,1,3.0,1.0,3.0,3.0,3.0,HT01,HT0122
190,7.0,1,3.0,1.0,2.0,3.0,12.0,HT01,HT0122
191,6.0,3,3.0,1.0,2.0,3.0,18.0,HT01,HT0122
192,6.0,4,1.0,1.0,4.0,1.0,52.0,HT01,HT0122
193,6.0,3,3.0,1.0,4.0,3.0,9.0,HT01,HT0122
194,3.0,1,1.0,1.0,13.0,1.0,39.0,HT01,HT0123
195,7.0,1,3.0,2.0,2.0,3.0,12.0,HT01,HT0123
196,5.0,1,3.0,2.0,,3.0,2.0,HT01,HT0123
197,7.0,1,3.0,2.0,,3.0,3.0,HT01,HT0123
198,7.0,1,3.0,2.0,,3.0,3.0,HT01,HT0123
199,6.0,2,3.0,1.0,2.0,3.0,7.0,HT01,HT0131
200,4.0,3,1.0,1.0,90.0,1.0,94.0,HT01,HT0131
201,6.0,2,3.0,1.0,,3.0,25.0,HT01,HT0131
202,6.0,2,3.0,1.0,,3.0,19.0,HT01,HT0131
203,4.0,2,3.0,1.0,11.0,3.0,21.0,HT01,HT0131
204,5.0,4,3.0,1.0,5.0,3.0,26.0,HT01,HT0131
205,6.0,2,3.0,1.0,,3.0,3.0,HT01,HT0131
206,7.0,2,3.0,1.0,,3.0,6.0,HT01,HT0131
207,5.0,3,1.0,1.0,26.0,1.0,55.0,HT01,HT0131
208,6.0,4,3.0,2.0,,3.0,11.0,HT01,HT0131
209,4.0,3,3.0,1.0,10.0,3.0,30.0,HT01,HT0131
210,4.0,3,1.0,1.0,22.0,1.0,48.0,HT01,HT0131
211,6.0,4,3.0,1.0,5.0,3.0,9.0,HT01,HT0131
212,5.0,3,3.0,1.0,5.0,3.0,18.0,HT01,HT0131
213,5.0,2,3.0,1.0,24.0,3.0,14.0,HT01,HT0131
214,6.0,2,3.0,1.0,10.0,3.0,13.0,HT01,HT0131
215,5.0,3,3.0,1.0,3.0,3.0,3.0,HT01,HT0131
216,5.0,1,1.0,1.0,2.0,1.0,50.0,HT01,HT0131
217,6.0,2,1.0,2.0,,1.0,31.0,HT01,HT0131
218,5.0,3,1.0,2.0,7.0,1.0,2.0,HT01,HT0131
219,6.0,4,3.0,1.0,,3.0,7.0,HT01,HT0131
220,5.0,3,1.0,1.0,1.0,1.0,9.0,HT01,HT0131
221,6.0,4,3.0,1.0,3.0,3.0,22.0,HT01,HT0131
222,5.0,3,1.0,1.0,,1.0,13.0,HT01,HT0131
223,6.0,3,3.0,2.0,3.0,3.0,14.0,HT01,HT0131
224,4.0,1,3.0,2.0,105.0,3.0,16.0,HT01,HT0131
225,3.0,1,3.0,1.0,36.0,3.0,100.0,HT01,HT0131
226,6.0,4,3.0,1.0,12.0,3.0,12.0,HT01,HT0131
227,3.0,1,3.0,1.0,44.0,3.0,136.0,HT01,HT0131
228,5.0,1,3.0,1.0,10.0,3.0,47.0,HT01,HT0132
229,6.0,2,1.0,2.0,,1.0,4.0,HT01,HT0132
230,5.0,2,3.0,2.0,,3.0,4.0,HT01,HT0133
231,7.0,2,3.0,2.0,,3.0,2.0,HT01,HT0133
232,6.0,3,3.0,1.0,6.0,3.0,22.0,HT01,HT0133
233,6.0,1,3.0,2.0,,3.0,7.0,HT01,HT0133
234,4.0,3,1.0,1.0,24.0,1.0,30.0,HT01,HT0133
235,6.0,2,1.0,1.0,,1.0,19.0,HT01,HT0133
236,6.0,2,3.0,2.0,,3.0,2.0,HT01,HT0133
237,6.0,1,3.0,1.0,,3.0,7.0,HT01,HT0133
238,7.0,1,3.0,2.0,,3.0,4.0,HT01,HT0134
239,5.0,2,1.0,2.0,10.0,1.0,26.0,HT01,HT0134
240,6.0,1,3.0,1.0,2.0,3.0,43.0,HT01,HT0134
241,7.0,3,2.0,2.0,3.0,2.0,2.0,HT01,HT0135
242,7.0,2,3.0,2.0,1.0,3.0,3.0,HT01,HT0135
243,5.0,1,3.0,2.0,3.0,3.0,16.0,HT01,HT0135
244,4.0,3,3.0,1.0,15.0,3.0,29.0,HT01,HT0141
245,7.0,3,3.0,1.0,3.0,3.0,3.0,HT01,HT0141
246,3.0,1,3.0,1.0,20.0,3.0,45.0,HT01,HT0141
247,6.0,2,3.0,1.0,3.0,3.0,64.0,HT01,HT0141
248,7.0,1,3.0,1.0,,3.0,6.0,HT01,HT0141
249,7.0,2,3.0,1.0,,3.0,11.0,HT01,HT0141
250,6.0,4,3.0,1.0,1.0,3.0,18.0,HT01,HT0141
251,6.0,2,3.0,1.0,15.0,3.0,9.0,HT01,HT0141
252,7.0,1,3.0,1.0,,3.0,25.0,HT01,HT0141
253,6.0,3,3.0,1.0,5.0,3.0,4.0,HT01,HT0142
254,6.0,1,3.0,1.0,,3.0,22.0,HT01,HT0142
255,6.0,2,3.0,1.0,,3.0,29.0,HT01,HT0142
256,6.0,3,3.0,1.0,40.0,3.0,13.0,HT01,HT0142
257,6.0,1,3.0,1.0,,3.0,23.0,HT01,HT0142
258,6.0,3,3.0,1.0,,3.0,20.0,HT01,HT0142
259,6.0,3,3.0,1.0,2.0,3.0,3.0,HT01,HT0142
260,5.0,4,3.0,1.0,,3.0,7.0,HT01,HT0142
261,6.0,4,1.0,1.0,,1.0,16.0,HT01,HT0142
262,5.0,4,3.0,1.0,4.0,3.0,31.0,HT01,HT0151
263,3.0,4,1.0,1.0,50.0,1.0,51.0,HT01,HT0151
264,5.0,3,3.0,1.0,5.0,3.0,10.0,HT01,HT0151
265,6.0,4,3.0,2.0,1.0,3.0,4.0,HT01,HT0151
266,6.0,1,3.0,2.0,,3.0,1.0,HT01,HT0151
267,7.0,2,3.0,1.0,4.0,3.0,3.0,HT01,HT0151
268,7.0,3,3.0,2.0,3.0,3.0,4.0,HT01,HT0151
269,7.0,2,3.0,2.0,,3.0,5.0,HT01,HT0152
270,7.0,4,3.0,2.0,4.0,3.0,1.0,HT01,HT0152
271,5.0,4,3.0,1.0,7.0,3.0,9.0,HT01,HT0152
272,5.0,2,2.0,1.0,3.0,2.0,6.0,HT01,HT0152
273,7.0,1,3.0,2.0,4.0,3.0,3.0,HT01,HT0152
274,6.0,3,,,,,,HT01,HT0152
275,7.0,1,3.0,2.0,1.0,3.0,1.0,HT02,HT0211
276,7.0,1,3.0,1.0,,3.0,2.0,HT02,HT0211
277,7.0,2,3.0,2.0,2.0,3.0,3.0,HT02,HT0211
278,7.0,1,3.0,2.0,,3.0,4.0,HT02,HT0211
279,4.0,3,3.0,1.0,15.0,3.0,19.0,HT02,HT0211
280,6.0,1,3.0,1.0,1.0,3.0,4.0,HT02,HT0211
281,6.0,1,3.0,1.0,,3.0,6.0,HT02,HT0211
282,6.0,1,3.0,2.0,3.0,3.0,7.0,HT02,HT0211
283,5.0,2,2.0,1.0,12.0,2.0,17.0,HT02,HT0211
284,6.0,2,3.0,1.0,,3.0,7.0,HT02,HT0211
285,6.0,2,1.0,1.0,2.0,1.0,9.0,HT02,HT0211
286,5.0,3,3.0,2.0,,3.0,6.0,HT02,HT0211
287,6.0,1,3.0,2.0,4.0,3.0,4.0,HT02,HT0211
288,6.0,2,3.0,2.0,2.0,3.0,10.0,HT02,HT0211
289,2.0,1,3.0,1.0,85.0,3.0,172.0,HT02,HT0211
290,6.0,2,3.0,1.0,,3.0,6.0,HT02,HT0211
291,7.0,1,3.0,1.0,,3.0,1.0,HT02,HT0211
292,7.0,3,3.0,2.0,,3.0,2.0,HT02,HT0211
293,6.0,1,1.0,1.0,5.0,1.0,29.0,HT02,HT0212
294,7.0,1,3.0,1.0,3.0,3.0,5.0,HT02,HT0212
295,6.0,3,3.0,1.0,5.0,3.0,14.0,HT02,HT0212
296,3.0,1,1.0,1.0,8.0,1.0,31.0,HT02,HT0213
297,5.0,2,3.0,1.0,12.0,3.0,11.0,HT02,HT0213
298,5.0,1,3.0,2.0,,3.0,4.0,HT02,HT0213
299,7.0,1,3.0,1.0,,3.0,4.0,HT02,HT0213
300,5.0,1,3.0,1.0,14.0,3.0,20.0,HT02,HT0214
301,7.0,4,3.0,2.0,,3.0,7.0,HT02,HT0221
302,7.0,1,3.0,2.0,,3.0,5.0,HT02,HT0221
303,7.0,1,3.0,2.0,,3.0,5.0,HT02,HT0221
304,5.0,1,2.0,1.0,11.0,2.0,20.0,HT02,HT0221
305,7.0,1,3.0,2.0,,3.0,6.0,HT02,HT0221
306,7.0,1,3.0,2.0,,3.0,10.0,HT02,HT0221
307,7.0,3,3.0,1.0,,3.0,6.0,HT02,HT0221
308,7.0,1,3.0,2.0,,3.0,5.0,HT02,HT0221
309,6.0,1,3.0,2.0,1.0,3.0,7.0,HT02,HT0221
310,6.0,4,3.0,1.0,,3.0,24.0,HT02,HT0222
311,7.0,3,3.0,1.0,,3.0,3.0,HT02,HT0222
312,7.0,2,3.0,2.0,,3.0,2.0,HT02,HT0222
313,7.0,2,3.0,2.0,,3.0,4.0,HT02,HT0222
314,7.0,4,3.0,2.0,,3.0,7.0,HT02,HT0222
315,5.0,2,1.0,1.0,11.0,1.0,13.0,HT02,HT0222
316,6.0,1,,,,,,HT02,HT0222
317,7.0,4,3.0,2.0,,3.0,1.0,HT02,HT0222
318,6.0,2,3.0,1.0,,3.0,8.0,HT02,HT0231
319,6.0,1,3.0,2.0,,3.0,4.0,HT02,HT0231
320,5.0,1,1.0,1.0,3.0,1.0,13.0,HT02,HT0231
321,7.0,1,3.0,1.0,,3.0,5.0,HT02,HT0231
322,7.0,1,3.0,1.0,,3.0,5.0,HT02,HT0232
323,6.0,3,3.0,2.0,,3.0,1.0,HT02,HT0232
324,7.0,4,3.0,1.0,,3.0,1.0,HT02,HT0233
325,6.0,4,3.0,2.0,1.0,3.0,2.0,HT02,HT0233
326,5.0,2,1.0,1.0,7.0,1.0,16.0,HT02,HT0233
327,6.0,1,1.0,1.0,4.0,1.0,19.0,HT02,HT0233
328,7.0,1,3.0,2.0,,3.0,4.0,HT02,HT0233
329,7.0,1,3.0,2.0,2.0,3.0,5.0,HT02,HT0233
330,5.0,1,1.0,1.0,30.0,1.0,17.0,HT02,HT0234
331,7.0,1,3.0,2.0,,3.0,4.0,HT02,HT0234
332,5.0,3,3.0,2.0,3.0,3.0,6.0,HT02,HT0234
333,6.0,2,3.0,1.0,,3.0,16.0,HT03,HT0311
334,6.0,4,3.0,1.0,,3.0,13.0,HT03,HT0311
335,6.0,1,3.0,2.0,,3.0,3.0,HT03,HT0311
336,7.0,3,3.0,1.0,,3.0,7.0,HT03,HT0311
337,6.0,3,3.0,1.0,,3.0,4.0,HT03,HT0311
338,4.0,3,1.0,1.0,10.0,1.0,24.0,HT03,HT0311
339,6.0,2,3.0,1.0,,3.0,5.0,HT03,HT0311
340,6.0,3,3.0,1.0,,3.0,4.0,HT03,HT0311
341,1.0,1,3.0,1.0,125.0,3.0,183.0,HT03,HT0311
342,6.0,4,3.0,1.0,,3.0,50.0,HT03,HT0311
343,7.0,3,3.0,1.0,,3.0,3.0,HT03,HT0311
344,3.0,4,2.0,1.0,7.0,2.0,53.0,HT03,HT0311
345,5.0,3,3.0,1.0,2.0,3.0,8.0,HT03,HT0311
346,5.0,1,3.0,1.0,,3.0,20.0,HT03,HT0312
347,3.0,3,1.0,1.0,90.0,1.0,109.0,HT03,HT0312
348,7.0,4,3.0,1.0,,3.0,9.0,HT03,HT0312
349,7.0,1,3.0,2.0,,3.0,4.0,HT03,HT0312
350,7.0,1,3.0,1.0,10.0,3.0,9.0,HT03,HT0312
351,7.0,3,3.0,2.0,,3.0,5.0,HT03,HT0312
352,6.0,4,3.0,1.0,,3.0,4.0,HT03,HT0313
353,6.0,3,3.0,1.0,8.0,3.0,14.0,HT03,HT0313
354,6.0,1,3.0,1.0,,3.0,25.0,HT03,HT0313
355,6.0,2,3.0,1.0,6.0,3.0,8.0,HT03,HT0313
356,6.0,3,3.0,1.0,,3.0,3.0,HT03,HT0313
357,7.0,1,3.0,2.0,,3.0,8.0,HT03,HT0321
358,6.0,3,3.0,1.0,,3.0,10.0,HT03,HT0321
359,6.0,4,3.0,1.0,,3.0,19.0,HT03,HT0321
360,6.0,3,3.0,1.0,,3.0,7.0,HT03,HT0321
361,7.0,1,3.0,1.0,5.0,3.0,11.0,HT03,HT0321
362,6.0,3,3.0,1.0,,3.0,8.0,HT03,HT0321
363,7.0,1,3.0,1.0,,3.0,6.0,HT03,HT0321
364,7.0,4,3.0,1.0,,3.0,5.0,HT03,HT0322
365,6.0,3,3.0,1.0,15.0,3.0,43.0,HT03,HT0322
366,3.0,3,1.0,1.0,16.0,1.0,24.0,HT03,HT0322
367,3.0,3,1.0,1.0,25.0,1.0,22.0,HT03,HT0322
368,3.0,3,1.0,1.0,15.0,1.0,21.0,HT03,HT0322
369,7.0,1,3.0,1.0,,3.0,8.0,HT03,HT0322
370,6.0,2,3.0,1.0,,3.0,24.0,HT03,HT0322
371,6.0,4,3.0,1.0,,3.0,8.0,HT03,HT0322
372,6.0,4,3.0,1.0,,3.0,9.0,HT03,HT0322
373,6.0,2,3.0,1.0,15.0,3.0,11.0,HT03,HT0322
374,7.0,1,3.0,2.0,,3.0,4.0,HT03,HT0322
375,7.0,3,3.0,1.0,,3.0,7.0,HT03,HT0323
376,4.0,3,1.0,1.0,100.0,1.0,222.0,HT03,HT0323
377,6.0,2,3.0,1.0,2.0,3.0,10.0,HT03,HT0323
378,7.0,1,3.0,2.0,,3.0,6.0,HT03,HT0323
379,7.0,3,3.0,1.0,3.0,3.0,6.0,HT03,HT0331
380,7.0,3,3.0,1.0,2.0,3.0,3.0,HT03,HT0331
381,3.0,1,1.0,1.0,16.0,1.0,53.0,HT03,HT0331
382,6.0,1,3.0,1.0,4.0,3.0,10.0,HT03,HT0332
383,7.0,3,3.0,1.0,1.0,3.0,7.0,HT03,HT0332
384,5.0,1,3.0,1.0,12.0,3.0,34.0,HT03,HT0341
385,7.0,2,3.0,1.0,,3.0,8.0,HT03,HT0341
386,5.0,1,3.0,1.0,39.0,3.0,32.0,HT03,HT0342
387,7.0,3,3.0,1.0,,3.0,7.0,HT03,HT0342
388,5.0,1,3.0,1.0,5.0,3.0,13.0,HT03,HT0343
389,6.0,1,3.0,1.0,,3.0,5.0,HT03,HT0343
390,3.0,1,3.0,1.0,36.0,3.0,84.0,HT03,HT0344
391,7.0,2,3.0,1.0,,3.0,13.0,HT03,HT0344
392,5.0,1,3.0,1.0,4.0,3.0,12.0,HT03,HT0345
393,7.0,1,3.0,2.0,2.0,3.0,7.0,HT03,HT0351
394,5.0,1,3.0,1.0,3.0,3.0,5.0,HT03,HT0351
395,5.0,4,3.0,1.0,40.0,3.0,68.0,HT03,HT0351
396,6.0,3,3.0,1.0,,3.0,17.0,HT03,HT0352
397,6.0,4,1.0,1.0,10.0,1.0,15.0,HT03,HT0352
398,7.0,1,,,,,,HT03,HT0352
399,6.0,3,3.0,1.0,4.0,3.0,3.0,HT03,HT0352
400,5.0,2,3.0,1.0,6.0,3.0,15.0,HT03,HT0352
401,6.0,4,3.0,1.0,,3.0,4.0,HT03,HT0352
402,6.0,1,3.0,1.0,4.0,3.0,6.0,HT03,HT0352
403,5.0,4,3.0,1.0,24.0,3.0,12.0,HT03,HT0362
404,6.0,1,3.0,1.0,1.0,3.0,4.0,HT03,HT0362
405,6.0,3,3.0,1.0,,3.0,14.0,HT03,HT0362
406,4.0,3,3.0,1.0,45.0,3.0,32.0,HT03,HT0362
407,3.0,4,1.0,1.0,21.0,1.0,46.0,HT03,HT0362
408,7.0,1,3.0,1.0,,3.0,5.0,HT03,HT0362
409,6.0,3,3.0,1.0,,3.0,8.0,HT03,HT0362
410,7.0,3,3.0,1.0,,3.0,7.0,HT03,HT0371
411,7.0,2,3.0,2.0,,3.0,2.0,HT03,HT0371
412,7.0,4,3.0,1.0,,3.0,7.0,HT03,HT0371
413,2.0,2,1.0,1.0,72.0,1.0,82.0,HT03,HT0372
414,6.0,2,3.0,1.0,,3.0,9.0,HT03,HT0372
415,2.0,1,1.0,1.0,40.0,1.0,76.0,HT04,HT0411
416,7.0,1,3.0,2.0,1.0,3.0,9.0,HT04,HT0411
417,7.0,1,3.0,2.0,6.0,3.0,3.0,HT04,HT0411
418,7.0,1,1.0,2.0,2.0,1.0,11.0,HT04,HT0411
419,7.0,1,3.0,1.0,,3.0,23.0,HT04,HT0412
420,7.0,1,3.0,2.0,1.0,3.0,5.0,HT04,HT0412
421,7.0,1,3.0,2.0,,3.0,1.0,HT04,HT0412
422,7.0,1,3.0,2.0,,3.0,18.0,HT04,HT0413
423,7.0,1,3.0,2.0,2.0,3.0,6.0,HT04,HT0413
424,5.0,1,3.0,1.0,10.0,3.0,70.0,HT04,HT0421
425,6.0,1,3.0,2.0,,3.0,12.0,HT04,HT0421
426,5.0,3,3.0,1.0,15.0,3.0,41.0,HT04,HT0421
427,7.0,1,3.0,1.0,2.0,3.0,15.0,HT04,HT0421
428,7.0,1,3.0,1.0,,3.0,14.0,HT04,HT0421
429,7.0,3,1.0,1.0,1.0,1.0,12.0,HT04,HT0421
430,7.0,1,1.0,2.0,,1.0,8.0,HT04,HT0421
431,5.0,1,1.0,1.0,4.0,1.0,26.0,HT04,HT0422
432,7.0,1,3.0,2.0,,3.0,10.0,HT04,HT0422
433,5.0,1,1.0,1.0,10.0,1.0,33.0,HT04,HT0423
434,7.0,4,3.0,1.0,,3.0,16.0,HT04,HT0431
435,4.0,1,1.0,1.0,59.0,1.0,49.0,HT04,HT0431
436,7.0,1,3.0,1.0,,3.0,14.0,HT04,HT0431
437,7.0,1,3.0,1.0,1.0,3.0,21.0,HT04,HT0431
438,6.0,1,3.0,1.0,,3.0,19.0,HT04,HT0432
439,7.0,4,3.0,1.0,4.0,3.0,16.0,HT04,HT0432
440,6.0,4,3.0,1.0,5.0,3.0,23.0,HT04,HT0433
441,7.0,1,3.0,2.0,1.0,3.0,2.0,HT04,HT0433
442,6.0,3,1.0,1.0,,1.0,11.0,HT04,HT0433
443,5.0,3,3.0,1.0,3.0,3.0,10.0,HT04,HT0433
444,7.0,3,3.0,1.0,3.0,3.0,6.0,HT04,HT0433
445,6.0,4,2.0,1.0,3.0,2.0,15.0,HT04,HT0433
446,6.0,4,1.0,1.0,2.0,1.0,12.0,HT04,HT0434
447,7.0,1,1.0,1.0,6.0,1.0,15.0,HT04,HT0441
448,7.0,1,3.0,2.0,1.0,3.0,11.0,HT04,HT0441
449,5.0,1,3.0,1.0,8.0,3.0,22.0,HT04,HT0442
450,6.0,2,3.0,1.0,,3.0,9.0,HT04,HT0442
451,7.0,1,3.0,2.0,,3.0,4.0,HT04,HT0442
452,5.0,1,1.0,1.0,14.0,1.0,37.0,HT04,HT0443
453,5.0,1,3.0,1.0,1.0,3.0,25.0,HT04,HT0443
454,5.0,4,3.0,1.0,13.0,3.0,18.0,HT05,HT0511
455,3.0,1,3.0,1.0,5.0,3.0,65.0,HT05,HT0511
456,6.0,1,3.0,1.0,,3.0,25.0,HT05,HT0511
457,6.0,1,3.0,1.0,,3.0,8.0,HT05,HT0511
458,6.0,1,3.0,1.0,6.0,3.0,47.0,HT05,HT0511
459,7.0,2,3.0,1.0,,3.0,21.0,HT05,HT0511
460,7.0,3,3.0,2.0,,3.0,1.0,HT05,HT0511
461,7.0,2,3.0,2.0,,3.0,1.0,HT05,HT0511
462,7.0,1,3.0,1.0,1.0,3.0,2.0,HT05,HT0511
463,2.0,1,1.0,1.0,200.0,1.0,232.0,HT05,HT0511
464,6.0,3,1.0,1.0,,1.0,7.0,HT05,HT0511
465,6.0,3,3.0,2.0,,3.0,8.0,HT05,HT0511
466,7.0,1,3.0,2.0,,3.0,11.0,HT05,HT0511
467,7.0,3,3.0,2.0,,3.0,4.0,HT05,HT0511
468,7.0,2,3.0,1.0,,3.0,14.0,HT05,HT0511
469,7.0,1,3.0,2.0,,3.0,6.0,HT05,HT0511
470,7.0,1,3.0,2.0,,3.0,14.0,HT05,HT0512
471,7.0,1,3.0,1.0,,3.0,12.0,HT05,HT0512
472,7.0,4,3.0,2.0,,3.0,3.0,HT05,HT0512
473,7.0,1,3.0,2.0,,3.0,4.0,HT05,HT0512
474,3.0,1,1.0,1.0,15.0,1.0,37.0,HT05,HT0512
475,6.0,1,3.0,2.0,2.0,3.0,10.0,HT05,HT0512
476,6.0,3,3.0,1.0,2.0,3.0,23.0,HT05,HT0512
477,6.0,2,3.0,1.0,,3.0,29.0,HT05,HT0513
478,3.0,1,1.0,1.0,17.0,1.0,28.0,HT05,HT0513
479,5.0,1,3.0,1.0,1.0,3.0,7.0,HT05,HT0513
480,7.0,2,3.0,2.0,,3.0,3.0,HT05,HT0513
481,7.0,3,3.0,2.0,4.0,3.0,5.0,HT05,HT0521
482,7.0,3,3.0,2.0,3.0,3.0,7.0,HT05,HT0521
483,7.0,4,3.0,2.0,1.0,3.0,6.0,HT05,HT0521
484,3.0,4,1.0,1.0,34.0,1.0,65.0,HT05,HT0521
485,7.0,2,3.0,2.0,,3.0,2.0,HT05,HT0521
486,7.0,3,,,,,,HT05,HT0521
487,6.0,2,,,,,,HT05,HT0521
488,7.0,3,3.0,2.0,,3.0,2.0,HT05,HT0521
489,7.0,2,3.0,2.0,4.0,3.0,1.0,HT05,HT0521
490,6.0,3,3.0,1.0,4.0,3.0,11.0,HT05,HT0521
491,7.0,1,3.0,2.0,,3.0,6.0,HT05,HT0521
492,5.0,1,2.0,2.0,20.0,2.0,5.0,HT05,HT0521
493,5.0,2,3.0,1.0,,3.0,6.0,HT05,HT0521
494,7.0,1,3.0,2.0,,3.0,9.0,HT05,HT0521
495,5.0,1,1.0,1.0,4.0,1.0,14.0,HT05,HT0522
496,7.0,1,3.0,1.0,1.0,3.0,7.0,HT05,HT0522
497,7.0,1,3.0,1.0,,3.0,10.0,HT05,HT0523
498,5.0,1,1.0,2.0,8.0,1.0,12.0,HT05,HT0523
499,7.0,1,3.0,2.0,,3.0,4.0,HT05,HT0523
500,7.0,1,3.0,2.0,1.0,3.0,6.0,HT05,HT0523
501,7.0,1,3.0,2.0,,3.0,4.0,HT05,HT0523
502,7.0,1,3.0,2.0,,3.0,4.0,HT05,HT0523
503,7.0,1,3.0,2.0,,3.0,4.0,HT05,HT0523
504,7.0,1,3.0,2.0,,3.0,3.0,HT05,HT0531
505,7.0,1,3.0,2.0,,3.0,3.0,HT05,HT0531
506,7.0,1,3.0,2.0,,3.0,1.0,HT05,HT0531
507,7.0,1,3.0,2.0,2.0,3.0,4.0,HT05,HT0531
508,5.0,3,1.0,1.0,18.0,1.0,58.0,HT05,HT0531
509,7.0,1,,,,,,HT05,HT0531
510,7.0,1,3.0,2.0,,3.0,14.0,HT05,HT0531
511,7.0,3,3.0,2.0,,3.0,3.0,HT05,HT0531
512,5.0,3,3.0,1.0,4.0,3.0,15.0,HT05,HT0531
513,7.0,3,3.0,2.0,,3.0,3.0,HT05,HT0531
514,7.0,3,3.0,2.0,,3.0,3.0,HT05,HT0531
515,7.0,1,3.0,2.0,,3.0,3.0,HT05,HT0531
516,7.0,1,3.0,2.0,,3.0,6.0,HT05,HT0531
517,7.0,4,3.0,1.0,,3.0,34.0,HT05,HT0531
518,3.0,1,2.0,1.0,162.0,2.0,188.0,HT05,HT0531
519,7.0,1,3.0,2.0,,3.0,10.0,HT05,HT0531
520,6.0,3,3.0,2.0,,3.0,28.0,HT05,HT0532
521,6.0,2,3.0,2.0,,3.0,21.0,HT05,HT0532
522,4.0,2,3.0,1.0,119.0,3.0,169.0,HT05,HT0532
523,7.0,1,3.0,2.0,,3.0,2.0,HT05,HT0532
524,6.0,3,3.0,1.0,,3.0,12.0,HT05,HT0532
525,7.0,3,3.0,2.0,,3.0,19.0,HT05,HT0532
526,4.0,1,1.0,1.0,60.0,1.0,68.0,HT05,HT0532
527,5.0,4,3.0,1.0,3.0,3.0,13.0,HT05,HT0533
528,7.0,3,3.0,2.0,,3.0,7.0,HT05,HT0541
529,7.0,3,3.0,2.0,,3.0,4.0,HT05,HT0541
530,7.0,3,3.0,2.0,,3.0,4.0,HT05,HT0541
531,7.0,1,3.0,1.0,7.0,3.0,1.0,HT05,HT0541
532,7.0,4,3.0,2.0,,3.0,4.0,HT05,HT0541
533,7.0,3,3.0,2.0,,3.0,8.0,HT05,HT0541
534,7.0,1,3.0,2.0,,3.0,2.0,HT05,HT0541
535,5.0,3,3.0,2.0,,3.0,1.0,HT05,HT0541
536,5.0,1,3.0,2.0,,3.0,2.0,HT05,HT0541
537,3.0,4,1.0,1.0,27.0,1.0,91.0,HT05,HT0541
538,7.0,3,3.0,1.0,,3.0,21.0,HT05,HT0541
539,7.0,3,3.0,2.0,,3.0,4.0,HT05,HT0541
540,7.0,3,3.0,2.0,,3.0,9.0,HT05,HT0541
541,7.0,3,3.0,1.0,,3.0,7.0,HT05,HT0541
542,7.0,3,3.0,1.0,2.0,3.0,12.0,HT05,HT0541
543,5.0,1,3.0,2.0,,3.0,6.0,HT05,HT0541
544,7.0,3,3.0,2.0,,3.0,5.0,HT05,HT0541
545,7.0,2,3.0,2.0,,3.0,3.0,HT05,HT0541
546,7.0,3,3.0,2.0,,3.0,8.0,HT05,HT0541
547,6.0,3,3.0,2.0,,3.0,3.0,HT05,HT0541
548,7.0,1,3.0,2.0,,3.0,10.0,HT05,HT0542
549,7.0,3,3.0,2.0,,3.0,10.0,HT05,HT0542
550,7.0,3,3.0,2.0,,3.0,1.0,HT05,HT0542
551,7.0,1,3.0,2.0,4.0,3.0,16.0,HT05,HT0542
552,6.0,3,3.0,1.0,4.0,3.0,15.0,HT05,HT0542
553,3.0,1,1.0,1.0,58.0,1.0,121.0,HT05,HT0542
554,6.0,2,3.0,1.0,3.0,3.0,22.0,HT05,HT0542
555,7.0,4,3.0,2.0,,3.0,2.0,HT05,HT0542
556,6.0,2,3.0,2.0,3.0,3.0,13.0,HT05,HT0542
557,5.0,1,1.0,1.0,6.0,1.0,35.0,HT05,HT0543
558,7.0,1,3.0,2.0,,3.0,2.0,HT05,HT0543
559,5.0,1,3.0,1.0,10.0,3.0,22.0,HT05,HT0544
560,7.0,1,3.0,2.0,,3.0,2.0,HT05,HT0544
561,7.0,1,3.0,2.0,,3.0,3.0,HT05,HT0544
562,6.0,1,3.0,2.0,,3.0,9.0,HT05,HT0551
563,6.0,2,3.0,1.0,2.0,3.0,11.0,HT05,HT0551
564,5.0,1,1.0,1.0,8.0,1.0,23.0,HT05,HT0551
565,7.0,1,3.0,2.0,2.0,3.0,11.0,HT05,HT0551
566,7.0,1,3.0,2.0,,3.0,12.0,HT05,HT0551
567,7.0,1,3.0,2.0,1.0,3.0,8.0,HT05,HT0551
568,7.0,1,3.0,2.0,2.0,3.0,12.0,HT05,HT0551
569,7.0,1,3.0,2.0,,3.0,12.0,HT05,HT0551
570,5.0,1,3.0,1.0,5.0,3.0,43.0,HT05,HT0552
571,2.0,1,1.0,1.0,20.0,1.0,178.0,HT06,HT0611
572,5.0,2,3.0,1.0,6.0,3.0,9.0,HT06,HT0611
573,6.0,1,3.0,1.0,1.0,3.0,5.0,HT06,HT0611
574,7.0,1,3.0,1.0,1.0,3.0,3.0,HT06,HT0611
575,7.0,3,3.0,2.0,,3.0,3.0,HT06,HT0611
576,7.0,3,3.0,2.0,,3.0,3.0,HT06,HT0611
577,6.0,3,,,,,,HT06,HT0611
578,6.0,1,1.0,1.0,,1.0,28.0,HT06,HT0611
579,7.0,1,3.0,2.0,,3.0,5.0,HT06,HT0611
580,7.0,4,3.0,2.0,,3.0,9.0,HT06,HT0611
581,7.0,1,3.0,1.0,2.0,3.0,6.0,HT06,HT0611
582,5.0,1,1.0,1.0,,1.0,32.0,HT06,HT0612
583,6.0,1,3.0,1.0,,3.0,10.0,HT06,HT0612
584,7.0,1,3.0,2.0,,3.0,7.0,HT06,HT0612
585,7.0,1,3.0,2.0,,3.0,7.0,HT06,HT0612
586,7.0,1,3.0,2.0,,3.0,6.0,HT06,HT0612
587,7.0,1,3.0,2.0,,3.0,9.0,HT06,HT0612
588,5.0,4,2.0,1.0,11.0,2.0,38.0,HT06,HT0613
589,6.0,4,3.0,1.0,1.0,3.0,10.0,HT06,HT0613
590,7.0,1,1.0,1.0,,1.0,26.0,HT06,HT0613
591,5.0,1,3.0,1.0,6.0,3.0,27.0,HT06,HT0614
592,6.0,3,3.0,1.0,,3.0,11.0,HT06,HT0614
593,7.0,2,,,,,,HT06,HT0614
594,1.0,1,1.0,1.0,350.0,1.0,2.0,HT06,HT0621
595,7.0,3,3.0,2.0,,3.0,17.0,HT06,HT0621
596,6.0,4,3.0,1.0,,3.0,11.0,HT06,HT0621
597,6.0,4,3.0,1.0,,3.0,7.0,HT06,HT0621
598,7.0,1,3.0,2.0,,3.0,22.0,HT06,HT0621
599,6.0,1,3.0,1.0,,3.0,2.0,HT06,HT0621
600,7.0,1,3.0,2.0,1.0,3.0,23.0,HT06,HT0621
601,6.0,1,3.0,1.0,3.0,3.0,14.0,HT06,HT0622
602,6.0,4,3.0,2.0,2.0,3.0,3.0,HT06,HT0622
603,3.0,3,1.0,1.0,70.0,1.0,104.0,HT06,HT0623
604,5.0,4,2.0,1.0,10.0,2.0,44.0,HT06,HT0623
605,5.0,4,3.0,2.0,,3.0,5.0,HT06,HT0623
606,5.0,4,1.0,1.0,8.0,1.0,20.0,HT06,HT0631
607,6.0,3,3.0,1.0,,3.0,9.0,HT06,HT0631
608,5.0,4,3.0,1.0,59.0,3.0,68.0,HT06,HT0631
609,5.0,1,2.0,1.0,1.0,2.0,24.0,HT06,HT0632
610,3.0,1,1.0,1.0,25.0,1.0,73.0,HT06,HT0632
611,7.0,1,3.0,2.0,,3.0,10.0,HT06,HT0632
612,6.0,4,1.0,1.0,9.0,1.0,38.0,HT06,HT0633
613,7.0,4,3.0,2.0,1.0,3.0,10.0,HT06,HT0633
614,5.0,4,3.0,1.0,20.0,3.0,42.0,HT06,HT0641
615,5.0,1,1.0,1.0,6.0,1.0,18.0,HT06,HT0641
616,7.0,1,3.0,1.0,2.0,3.0,8.0,HT06,HT0642
617,5.0,2,3.0,1.0,16.0,3.0,22.0,HT06,HT0642
618,5.0,3,3.0,1.0,,3.0,8.0,HT07,HT0711
619,6.0,4,1.0,1.0,,1.0,7.0,HT07,HT0711
620,7.0,3,3.0,1.0,,3.0,10.0,HT07,HT0711
621,3.0,1,1.0,1.0,124.0,1.0,167.0,HT07,HT0711
622,4.0,4,3.0,1.0,38.0,3.0,45.0,HT07,HT0711
623,4.0,3,3.0,1.0,17.0,3.0,21.0,HT07,HT0711
624,5.0,4,3.0,1.0,64.0,3.0,55.0,HT07,HT0711
625,6.0,1,3.0,1.0,,3.0,17.0,HT07,HT0711
626,7.0,1,3.0,2.0,,3.0,4.0,HT07,HT0711
627,4.0,4,1.0,1.0,40.0,1.0,74.0,HT07,HT0711
628,7.0,4,3.0,1.0,,3.0,7.0,HT07,HT0711
629,6.0,4,3.0,1.0,,3.0,3.0,HT07,HT0711
630,4.0,1,3.0,2.0,17.0,3.0,9.0,HT07,HT0711
631,6.0,2,3.0,1.0,,3.0,14.0,HT07,HT0711
632,6.0,1,3.0,1.0,10.0,3.0,15.0,HT07,HT0712
633,7.0,3,3.0,1.0,,3.0,4.0,HT07,HT0712
634,5.0,3,1.0,1.0,6.0,1.0,12.0,HT07,HT0712
635,7.0,4,3.0,2.0,1.0,3.0,2.0,HT07,HT0712
636,7.0,1,3.0,2.0,,3.0,3.0,HT07,HT0712
637,6.0,1,1.0,1.0,2.0,1.0,20.0,HT07,HT0713
638,5.0,1,3.0,2.0,1.0,3.0,11.0,HT07,HT0713
639,5.0,3,3.0,2.0,,3.0,2.0,HT07,HT0714
640,3.0,1,3.0,1.0,15.0,3.0,35.0,HT07,HT0714
641,7.0,4,3.0,1.0,,3.0,11.0,HT07,HT0714
642,7.0,1,3.0,1.0,,3.0,7.0,HT07,HT0714
643,7.0,4,3.0,1.0,,3.0,6.0,HT07,HT0714
644,6.0,4,3.0,1.0,3.0,3.0,8.0,HT07,HT0715
645,7.0,1,3.0,2.0,,3.0,4.0,HT07,HT0715
646,7.0,1,3.0,2.0,,3.0,5.0,HT07,HT0715
647,7.0,2,3.0,1.0,3.0,3.0,7.0,HT07,HT0716
648,6.0,1,1.0,1.0,2.0,1.0,48.0,HT07,HT0716
649,7.0,3,3.0,2.0,,3.0,1.0,HT07,HT0721
650,3.0,1,1.0,1.0,22.0,1.0,35.0,HT07,HT0721
651,5.0,3,1.0,1.0,,1.0,12.0,HT07,HT0721
652,7.0,1,3.0,2.0,,3.0,2.0,HT07,HT0721
653,7.0,1,3.0,2.0,,3.0,1.0,HT07,HT0721
654,7.0,1,3.0,2.0,,3.0,2.0,HT07,HT0722
655,6.0,1,3.0,1.0,1.0,3.0,20.0,HT07,HT0722
656,7.0,1,3.0,1.0,,3.0,4.0,HT07,HT0723
657,6.0,1,3.0,1.0,1.0,3.0,15.0,HT07,HT0723
658,5.0,2,3.0,1.0,10.0,3.0,12.0,HT07,HT0731
659,7.0,4,3.0,1.0,3.0,3.0,11.0,HT07,HT0731
660,3.0,1,1.0,1.0,23.0,1.0,43.0,HT07,HT0731
661,7.0,3,3.0,1.0,,3.0,12.0,HT07,HT0731
662,5.0,4,3.0,1.0,8.0,3.0,12.0,HT07,HT0731
663,4.0,2,1.0,1.0,130.0,1.0,278.0,HT07,HT0731
664,5.0,1,3.0,1.0,6.0,3.0,24.0,HT07,HT0732
665,6.0,1,3.0,2.0,,3.0,2.0,HT07,HT0732
666,7.0,3,3.0,2.0,,3.0,17.0,HT07,HT0732
667,7.0,4,3.0,1.0,1.0,3.0,7.0,HT07,HT0732
668,7.0,3,3.0,2.0,,3.0,7.0,HT07,HT0732
669,6.0,3,3.0,1.0,,3.0,9.0,HT07,HT0733
670,6.0,1,3.0,1.0,5.0,3.0,23.0,HT07,HT0733
671,7.0,4,3.0,1.0,,3.0,2.0,HT07,HT0733
672,7.0,2,3.0,2.0,,3.0,9.0,HT07,HT0733
673,4.0,3,1.0,1.0,90.0,1.0,88.0,HT07,HT0733
674,7.0,4,3.0,2.0,,3.0,4.0,HT07,HT0733
675,6.0,1,3.0,1.0,3.0,3.0,12.0,HT07,HT0741
676,7.0,1,3.0,2.0,,3.0,19.0,HT07,HT0741
677,4.0,1,1.0,1.0,22.0,1.0,59.0,HT07,HT0742
678,7.0,4,3.0,1.0,4.0,3.0,11.0,HT07,HT0743
679,7.0,4,3.0,1.0,4.0,3.0,4.0,HT07,HT0751
680,7.0,2,3.0,1.0,,3.0,6.0,HT07,HT0751
681,5.0,1,3.0,1.0,8.0,3.0,40.0,HT07,HT0752
682,7.0,4,3.0,1.0,2.0,3.0,7.0,HT07,HT0753
683,7.0,1,3.0,2.0,,3.0,1.0,HT08,HT0811
684,5.0,4,3.0,1.0,,3.0,5.0,HT08,HT0811
685,6.0,4,3.0,1.0,,3.0,10.0,HT08,HT0811
686,7.0,4,3.0,2.0,,3.0,4.0,HT08,HT0811
687,6.0,4,3.0,1.0,1.0,3.0,30.0,HT08,HT0811
688,7.0,1,3.0,2.0,2.0,3.0,5.0,HT08,HT0811
689,6.0,2,1.0,1.0,,1.0,94.0,HT08,HT0811
690,7.0,4,3.0,2.0,,3.0,2.0,HT08,HT0811
691,3.0,1,2.0,1.0,150.0,2.0,98.0,HT08,HT0811
692,7.0,1,3.0,2.0,,3.0,6.0,HT08,HT0811
693,6.0,4,3.0,1.0,1.0,3.0,9.0,HT08,HT0812
694,6.0,1,3.0,1.0,,3.0,31.0,HT08,HT0812
695,7.0,1,3.0,1.0,,3.0,4.0,HT08,HT0813
696,6.0,1,1.0,1.0,7.0,1.0,30.0,HT08,HT0814
697,7.0,3,3.0,2.0,,3.0,3.0,HT08,HT0814
698,6.0,1,3.0,1.0,4.0,3.0,12.0,HT08,HT0815
699,7.0,1,3.0,2.0,,3.0,3.0,HT08,HT0815
700,7.0,1,3.0,2.0,,3.0,1.0,HT08,HT0815
701,7.0,3,3.0,2.0,,3.0,10.0,HT08,HT0821
702,2.0,1,1.0,1.0,20.0,1.0,40.0,HT08,HT0821
703,7.0,4,3.0,2.0,,3.0,8.0,HT08,HT0821
704,7.0,1,3.0,2.0,,3.0,9.0,HT08,HT0821
705,7.0,1,1.0,2.0,,1.0,4.0,HT08,HT0822
706,7.0,1,3.0,2.0,,3.0,4.0,HT08,HT0822
707,3.0,4,3.0,1.0,24.0,3.0,62.0,HT08,HT0822
708,6.0,1,3.0,2.0,,3.0,4.0,HT08,HT0822
709,6.0,1,3.0,2.0,,3.0,3.0,HT08,HT0822
710,5.0,1,1.0,1.0,5.0,1.0,24.0,HT08,HT0823
711,7.0,4,3.0,2.0,,3.0,7.0,HT08,HT0823
712,3.0,1,3.0,1.0,18.0,3.0,54.0,HT08,HT0831
713,7.0,4,3.0,2.0,,3.0,7.0,HT08,HT0831
714,7.0,2,3.0,2.0,1.0,3.0,9.0,HT08,HT0831
715,6.0,4,3.0,1.0,3.0,3.0,10.0,HT08,HT0832
716,7.0,4,3.0,2.0,2.0,3.0,10.0,HT08,HT0832
717,6.0,4,3.0,1.0,4.0,3.0,3.0,HT08,HT0832
718,7.0,4,3.0,1.0,,3.0,8.0,HT08,HT0832
719,7.0,1,3.0,2.0,,3.0,10.0,HT08,HT0833
720,5.0,4,3.0,1.0,4.0,3.0,20.0,HT08,HT0833
721,7.0,4,3.0,2.0,,3.0,2.0,HT08,HT0834
722,5.0,1,3.0,1.0,6.0,3.0,30.0,HT08,HT0834
723,7.0,1,3.0,2.0,,3.0,1.0,HT08,HT0834
724,7.0,3,3.0,2.0,1.0,3.0,1.0,HT08,HT0834
725,7.0,4,3.0,2.0,3.0,3.0,2.0,HT08,HT0834
726,7.0,1,3.0,2.0,,3.0,1.0,HT08,HT0834
727,7.0,1,3.0,2.0,,3.0,7.0,HT08,HT0834
728,7.0,1,3.0,2.0,,3.0,3.0,HT08,HT0834
729,7.0,3,3.0,2.0,,3.0,1.0,HT09,HT0911
730,4.0,2,3.0,1.0,80.0,3.0,134.0,HT09,HT0911
731,7.0,1,3.0,2.0,,3.0,1.0,HT09,HT0911
732,6.0,1,3.0,2.0,,3.0,17.0,HT09,HT0911
733,7.0,1,3.0,1.0,,3.0,6.0,HT09,HT0911
734,7.0,3,1.0,1.0,4.0,1.0,9.0,HT09,HT0911
735,6.0,4,3.0,1.0,,3.0,6.0,HT09,HT0911
736,6.0,2,3.0,1.0,,3.0,4.0,HT09,HT0911
737,2.0,1,1.0,1.0,76.0,1.0,98.0,HT09,HT0911
738,7.0,3,1.0,1.0,,1.0,11.0,HT09,HT0911
739,7.0,3,3.0,2.0,,3.0,1.0,HT09,HT0911
740,7.0,2,3.0,1.0,1.0,3.0,11.0,HT09,HT0911
741,7.0,1,3.0,1.0,,3.0,11.0,HT09,HT0911
742,7.0,1,3.0,2.0,,3.0,9.0,HT09,HT0911
743,7.0,1,3.0,2.0,,3.0,11.0,HT09,HT0911
744,7.0,1,3.0,2.0,,3.0,6.0,HT09,HT0911
745,7.0,1,3.0,2.0,,3.0,6.0,HT09,HT0911
746,7.0,1,3.0,2.0,,3.0,6.0,HT09,HT0911
747,5.0,3,3.0,1.0,30.0,3.0,10.0,HT09,HT0911
748,3.0,4,3.0,1.0,20.0,3.0,35.0,HT09,HT0912
749,7.0,4,3.0,1.0,2.0,3.0,5.0,HT09,HT0912
750,7.0,1,3.0,1.0,1.0,3.0,7.0,HT09,HT0912
751,7.0,2,3.0,1.0,2.0,3.0,11.0,HT09,HT0912
752,5.0,4,3.0,1.0,3.0,3.0,8.0,HT09,HT0912
753,6.0,3,3.0,1.0,3.0,3.0,3.0,HT09,HT0912
754,7.0,4,3.0,1.0,1.0,3.0,7.0,HT09,HT0912
755,7.0,1,3.0,2.0,,3.0,9.0,HT09,HT0913
756,4.0,1,1.0,1.0,20.0,1.0,45.0,HT09,HT0913
757,7.0,1,3.0,2.0,,3.0,10.0,HT09,HT0913
758,7.0,1,3.0,2.0,,3.0,4.0,HT09,HT0913
759,5.0,1,1.0,1.0,11.0,1.0,40.0,HT09,HT0914
760,7.0,2,3.0,2.0,,3.0,3.0,HT03,HT0321
761,5.0,1,3.0,1.0,20.0,3.0,40.0,HT03,HT0321
762,5.0,3,3.0,1.0,5.0,3.0,6.0,HT03,HT0321
763,5.0,3,3.0,1.0,16.0,3.0,12.0,HT03,HT0321
764,7.0,1,3.0,1.0,1.0,3.0,11.0,HT03,HT0321
765,7.0,4,3.0,1.0,1.0,3.0,2.0,HT03,HT0321
766,7.0,2,3.0,2.0,2.0,3.0,1.0,HT03,HT0321
767,7.0,1,3.0,1.0,2.0,3.0,3.0,HT03,HT0321
768,7.0,2,3.0,2.0,1.0,3.0,5.0,HT03,HT0321
769,5.0,4,3.0,1.0,5.0,3.0,12.0,HT03,HT0321
770,7.0,1,3.0,2.0,1.0,3.0,9.0,HT09,HT0922
771,7.0,1,3.0,2.0,,3.0,6.0,HT09,HT0922
772,7.0,1,3.0,2.0,,3.0,9.0,HT09,HT0922
773,5.0,1,1.0,1.0,5.0,1.0,37.0,HT09,HT0922
774,7.0,1,3.0,2.0,,3.0,6.0,HT09,HT0931
775,5.0,1,1.0,1.0,6.0,1.0,16.0,HT09,HT0931
776,7.0,1,3.0,2.0,,3.0,4.0,HT09,HT0931
777,7.0,1,3.0,1.0,8.0,3.0,19.0,HT09,HT0931
778,7.0,1,3.0,2.0,,3.0,4.0,HT09,HT0931
779,5.0,1,3.0,1.0,11.0,3.0,20.0,HT09,HT0931
780,6.0,4,3.0,1.0,2.0,3.0,9.0,HT09,HT0932
781,7.0,1,3.0,2.0,,3.0,4.0,HT09,HT0932
782,7.0,2,3.0,2.0,3.0,3.0,11.0,HT09,HT0932
783,7.0,1,1.0,2.0,,1.0,8.0,HT09,HT0932
784,7.0,1,3.0,1.0,1.0,3.0,5.0,HT09,HT0932
785,6.0,1,3.0,2.0,,3.0,2.0,HT09,HT0932
786,5.0,1,1.0,1.0,19.0,1.0,9.0,HT09,HT0933
787,7.0,4,,,,,,HT09,HT0933
788,7.0,1,3.0,2.0,,3.0,21.0,HT09,HT0933
789,7.0,1,3.0,1.0,,3.0,18.0,HT09,HT0933
790,7.0,1,3.0,1.0,,3.0,4.0,HT09,HT0933
791,7.0,1,3.0,2.0,,3.0,6.0,HT09,HT0934
792,7.0,1,3.0,2.0,,3.0,8.0,HT09,HT0934
793,7.0,1,3.0,2.0,,3.0,4.0,HT09,HT0934
794,7.0,3,3.0,1.0,1.0,3.0,7.0,HT09,HT0934
795,7.0,1,,,,,,HT09,HT0934
796,7.0,1,3.0,2.0,1.0,3.0,3.0,HT09,HT0934
797,7.0,1,3.0,2.0,4.0,3.0,11.0,HT09,HT0934
798,7.0,4,3.0,2.0,,3.0,4.0,HT09,HT0934
799,7.0,1,3.0,2.0,,3.0,3.0,HT09,HT0934
800,7.0,1,3.0,1.0,,3.0,17.0,HT09,HT0934
801,7.0,1,3.0,2.0,1.0,3.0,3.0,HT09,HT0934
802,3.0,1,1.0,1.0,45.0,1.0,44.0,HT09,HT0934
803,7.0,1,3.0,2.0,,3.0,4.0,HT09,HT0934
804,7.0,1,3.0,2.0,,3.0,9.0,HT09,HT0934
805,7.0,4,3.0,2.0,,3.0,13.0,HT09,HT0934
806,7.0,1,3.0,2.0,,3.0,4.0,HT09,HT0934
807,7.0,4,3.0,2.0,,3.0,10.0,HT09,HT0934
808,7.0,1,3.0,2.0,2.0,3.0,3.0,HT09,HT0934
809,7.0,1,3.0,2.0,,3.0,6.0,HT09,HT0934
810,7.0,4,3.0,1.0,,3.0,6.0,HT10,HT1013
811,5.0,3,1.0,1.0,28.0,1.0,41.0,HT10,HT1013
812,7.0,4,3.0,2.0,,3.0,3.0,HT10,HT1013
813,6.0,4,3.0,1.0,2.0,3.0,11.0,HT10,HT1024
814,7.0,4,3.0,1.0,4.0,3.0,7.0,HT10,HT1032
815,7.0,1,,,,,,HT10,HT1014
816,7.0,3,3.0,2.0,,3.0,9.0,HT10,HT1014
817,5.0,1,3.0,1.0,10.0,3.0,26.0,HT10,HT1014
818,7.0,4,3.0,2.0,,3.0,7.0,HT03,HT0371
819,5.0,4,3.0,1.0,6.0,3.0,6.0,HT03,HT0371
820,7.0,3,3.0,2.0,,3.0,7.0,HT10,HT1011
821,7.0,4,3.0,2.0,1.0,3.0,1.0,HT10,HT1011
822,7.0,4,3.0,2.0,,3.0,1.0,HT10,HT1011
823,7.0,4,3.0,2.0,1.0,3.0,1.0,HT10,HT1011
824,5.0,4,1.0,1.0,11.0,1.0,16.0,HT10,HT1011
825,7.0,1,3.0,2.0,1.0,3.0,5.0,HT10,HT1011
826,2.0,1,2.0,1.0,40.0,2.0,79.0,HT10,HT1011
827,7.0,1,3.0,1.0,,3.0,3.0,HT10,HT1012
828,5.0,4,3.0,1.0,,3.0,5.0,HT10,HT1012
829,6.0,4,2.0,1.0,3.0,2.0,14.0,HT10,HT1012
830,7.0,4,3.0,1.0,,3.0,1.0,HT10,HT1021
831,7.0,4,3.0,1.0,,3.0,5.0,HT10,HT1021
832,3.0,3,1.0,1.0,2.0,1.0,34.0,HT10,HT1021
833,7.0,4,3.0,1.0,,3.0,1.0,HT10,HT1031
834,5.0,1,1.0,1.0,6.0,1.0,11.0,HT10,HT1031
835,5.0,1,1.0,1.0,2.0,1.0,51.0,HT10,HT1022
836,7.0,1,3.0,2.0,,3.0,9.0,HT10,HT1023
837,7.0,4,3.0,2.0,,3.0,4.0,HT10,HT1023
838,3.0,1,1.0,1.0,32.0,1.0,30.0,HT10,HT1023
839,7.0,2,3.0,2.0,,3.0,2.0,HT01,HT0141
840,6.0,2,3.0,1.0,,3.0,8.0,HT01,HT0141
841,6.0,4,3.0,2.0,,3.0,3.0,HT01,HT0141
842,6.0,3,,,,,,HT01,HT0141
843,6.0,2,3.0,2.0,,3.0,4.0,HT01,HT0141
844,7.0,2,3.0,2.0,,3.0,10.0,HT01,HT0141
845,5.0,3,3.0,1.0,3.0,3.0,8.0,HT01,HT0142
846,5.0,2,2.0,1.0,3.0,2.0,20.0,HT01,HT0142
847,5.0,3,,,,,,HT01,HT0142
848,5.0,3,3.0,1.0,6.0,3.0,14.0,HT01,HT0113
849,6.0,2,3.0,2.0,,3.0,1.0,HT01,HT0113
850,6.0,3,3.0,2.0,,3.0,5.0,HT01,HT0117
851,6.0,3,3.0,1.0,,3.0,4.0,HT01,HT0131
852,4.0,3,2.0,1.0,20.0,2.0,43.0,HT01,HT0131
853,6.0,3,3.0,2.0,1.0,3.0,6.0,HT01,HT0131
854,6.0,3,3.0,1.0,3.0,3.0,9.0,HT01,HT0131
855,6.0,1,3.0,1.0,,3.0,4.0,HT01,HT0131
856,6.0,2,1.0,2.0,,1.0,8.0,HT01,HT0135
857,6.0,2,3.0,1.0,5.0,3.0,32.0,HT01,HT0151
858,6.0,3,3.0,1.0,4.0,3.0,8.0,HT01,HT0151
859,6.0,3,3.0,1.0,,3.0,3.0,HT01,HT0151
860,6.0,3,3.0,2.0,,3.0,4.0,HT01,HT0151
861,6.0,3,3.0,2.0,,3.0,3.0,HT01,HT0151
862,6.0,3,3.0,2.0,,3.0,3.0,HT01,HT0151
863,6.0,3,3.0,2.0,1.0,3.0,1.0,HT01,HT0152
864,6.0,4,3.0,2.0,,3.0,5.0,HT05,HT0542
865,6.0,1,3.0,2.0,,3.0,5.0,HT05,HT0542
866,3.0,3,1.0,1.0,20.0,1.0,38.0,HT05,HT0542
867,4.0,3,,,,,,HT05,HT0542
868,6.0,4,3.0,2.0,,3.0,7.0,HT05,HT0542
869,6.0,3,3.0,2.0,,3.0,3.0,HT05,HT0542
870,5.0,3,3.0,1.0,8.0,3.0,4.0,HT05,HT0542
871,6.0,3,,,,,,HT05,HT0542
872,5.0,4,1.0,2.0,8.0,1.0,8.0,HT05,HT0542
873,6.0,3,3.0,1.0,3.0,3.0,36.0,HT05,HT0542
874,6.0,2,3.0,1.0,5.0,3.0,4.0,HT01,HT0113
875,6.0,3,3.0,1.0,,3.0,16.0,HT01,HT0113
876,6.0,4,3.0,2.0,,3.0,4.0,HT01,HT0113
877,5.0,2,3.0,1.0,4.0,3.0,7.0,HT01,HT0113
878,6.0,3,3.0,1.0,,3.0,9.0,HT01,HT0113
879,5.0,3,3.0,2.0,,3.0,5.0,HT01,HT0113
880,5.0,3,3.0,2.0,,3.0,6.0,HT01,HT0113
881,5.0,2,3.0,1.0,,3.0,11.0,HT01,HT0117
882,6.0,2,3.0,1.0,,3.0,9.0,HT01,HT0117
883,6.0,4,3.0,1.0,,3.0,5.0,HT01,HT0131
884,6.0,3,3.0,1.0,,3.0,10.0,HT01,HT0131
885,6.0,3,3.0,2.0,,3.0,5.0,HT01,HT0131
886,5.0,3,3.0,2.0,4.0,3.0,11.0,HT01,HT0131
887,6.0,2,,,,,,HT01,HT0131
888,5.0,3,3.0,1.0,8.0,3.0,27.0,HT01,HT0131
889,6.0,3,1.0,1.0,8.0,1.0,33.0,HT01,HT0112
890,6.0,3,3.0,1.0,1.0,3.0,5.0,HT01,HT0112
891,6.0,3,3.0,1.0,2.0,3.0,6.0,HT01,HT0112
892,6.0,3,,,,,,HT01,HT0112
893,5.0,3,3.0,1.0,4.0,3.0,15.0,HT01,HT0112
894,7.0,3,3.0,1.0,,3.0,6.0,HT01,HT0112
895,5.0,3,3.0,1.0,,3.0,7.0,HT01,HT0112
896,6.0,3,2.0,1.0,,2.0,12.0,HT01,HT0112
897,6.0,2,3.0,2.0,,3.0,5.0,HT01,HT0112
898,6.0,2,1.0,1.0,,1.0,16.0,HT01,HT0112
899,6.0,3,3.0,2.0,,3.0,8.0,HT01,HT0112
900,5.0,3,3.0,1.0,,3.0,6.0,HT01,HT0116
901,6.0,4,3.0,2.0,,3.0,6.0,HT01,HT0116
902,6.0,3,,,,,,HT01,HT0116
903,5.0,3,3.0,2.0,5.0,3.0,5.0,HT01,HT0116
904,6.0,2,3.0,1.0,,3.0,5.0,HT01,HT0114
905,3.0,3,3.0,1.0,4.0,3.0,10.0,HT01,HT0114
906,5.0,4,3.0,1.0,,3.0,5.0,HT01,HT0114
907,6.0,2,3.0,1.0,,3.0,8.0,HT01,HT0111
908,6.0,2,3.0,1.0,4.0,3.0,14.0,HT01,HT0111
909,6.0,3,3.0,1.0,1.0,3.0,11.0,HT01,HT0111
910,6.0,3,3.0,1.0,,3.0,5.0,HT01,HT0111
911,5.0,3,3.0,1.0,3.0,3.0,8.0,HT01,HT0111
912,6.0,2,3.0,1.0,,3.0,6.0,HT01,HT0111
913,6.0,2,3.0,1.0,,3.0,14.0,HT01,HT0111
914,3.0,3,1.0,1.0,16.0,1.0,33.0,HT01,HT0111
915,6.0,2,3.0,1.0,,3.0,13.0,HT01,HT0111
916,6.0,3,3.0,1.0,,3.0,9.0,HT01,HT0111
917,6.0,3,,,,,,HT01,HT0111
918,6.0,3,3.0,1.0,3.0,3.0,9.0,HT01,HT0111
919,5.0,3,3.0,1.0,8.0,3.0,12.0,HT01,HT0111
920,6.0,4,3.0,1.0,,3.0,10.0,HT01,HT0111
921,5.0,2,3.0,1.0,5.0,3.0,40.0,HT01,HT0111
922,5.0,2,2.0,1.0,8.0,2.0,12.0,HT01,HT0118
923,6.0,2,3.0,1.0,,3.0,5.0,HT01,HT0118
924,6.0,2,3.0,1.0,,3.0,4.0,HT01,HT0118
925,5.0,2,3.0,1.0,,3.0,11.0,HT01,HT0118
926,6.0,4,3.0,1.0,,3.0,5.0,HT01,HT0118
927,5.0,3,1.0,1.0,6.0,1.0,23.0,HT01,HT0118
928,5.0,3,3.0,1.0,5.0,3.0,10.0,HT01,HT0118
929,6.0,4,3.0,1.0,,3.0,6.0,HT01,HT0118
930,5.0,3,3.0,1.0,,3.0,7.0,HT01,HT0118
931,4.0,2,3.0,1.0,14.0,3.0,7.0,HT01,HT0118
932,6.0,3,3.0,2.0,,3.0,2.0,HT01,HT0118
933,6.0,3,3.0,1.0,2.0,3.0,4.0,HT04,HT0421
934,6.0,3,3.0,1.0,1.0,3.0,10.0,HT05,HT0541
935,4.0,3,3.0,1.0,1.0,3.0,7.0,HT05,HT0531
936,6.0,3,3.0,2.0,,3.0,2.0,HT05,HT0532
937,7.0,4,3.0,2.0,1.0,3.0,19.0,HT05,HT0532
938,6.0,2,3.0,1.0,,3.0,11.0,HT05,HT0531
939,7.0,4,3.0,2.0,2.0,3.0,3.0,HT06,HT0633
940,6.0,2,2.0,1.0,1.0,2.0,4.0,HT06,HT0623
941,6.0,4,3.0,1.0,2.0,3.0,8.0,HT06,HT0621
942,6.0,2,3.0,1.0,3.0,3.0,7.0,HT06,HT0611
943,4.0,2,3.0,1.0,29.0,3.0,12.0,HT06,HT0631
944,6.0,3,1.0,1.0,6.0,1.0,11.0,HT06,HT0632
945,5.0,2,3.0,2.0,,3.0,2.0,HT03,HT0345
946,6.0,3,3.0,1.0,,3.0,8.0,HT03,HT0311
947,6.0,3,2.0,1.0,,2.0,4.0,HT03,HT0311
948,3.0,4,1.0,1.0,6.0,1.0,39.0,HT03,HT0311
949,6.0,2,3.0,1.0,,3.0,5.0,HT03,HT0311
950,5.0,4,3.0,1.0,,3.0,4.0,HT03,HT0311
951,5.0,3,3.0,1.0,5.0,3.0,10.0,HT03,HT0311
952,6.0,3,3.0,2.0,,3.0,2.0,HT03,HT0323
953,6.0,3,3.0,1.0,,3.0,14.0,HT03,HT0331
954,6.0,3,3.0,1.0,,3.0,5.0,HT03,HT0313
955,5.0,3,3.0,1.0,6.0,3.0,9.0,HT03,HT0322
956,3.0,4,3.0,1.0,54.0,3.0,54.0,HT03,HT0322
957,5.0,4,3.0,1.0,6.0,3.0,19.0,HT03,HT0371
958,6.0,2,3.0,1.0,8.0,3.0,10.0,HT03,HT0371
959,4.0,2,3.0,1.0,12.0,3.0,23.0,HT03,HT0321
960,6.0,2,3.0,1.0,,3.0,6.0,HT03,HT0312
961,6.0,3,1.0,2.0,,1.0,9.0,HT03,HT0312
962,4.0,3,3.0,1.0,23.0,3.0,24.0,HT03,HT0322
963,4.0,3,1.0,1.0,4.0,1.0,30.0,HT03,HT0311
964,6.0,4,3.0,1.0,,3.0,3.0,HT03,HT0311
965,6.0,4,3.0,2.0,,3.0,4.0,HT03,HT0322
966,6.0,3,,,,,,HT03,HT0321
967,5.0,3,3.0,1.0,2.0,3.0,5.0,HT03,HT0321
968,7.0,1,3.0,2.0,,3.0,17.0,HT09,HT0933
969,7.0,2,3.0,2.0,,3.0,3.0,HT09,HT0931
970,6.0,3,3.0,1.0,3.0,3.0,6.0,HT09,HT0912
971,5.0,3,2.0,1.0,6.0,2.0,5.0,HT08,HT0834
972,7.0,4,3.0,2.0,,3.0,2.0,HT10,HT1014
973,7.0,4,3.0,1.0,,3.0,8.0,HT08,HT0811
974,6.0,2,3.0,1.0,,3.0,3.0,HT08,HT0814
975,6.0,3,3.0,1.0,,3.0,6.0,HT10,HT1013
976,6.0,3,3.0,1.0,,3.0,4.0,HT10,HT1023
977,6.0,3,3.0,1.0,,3.0,4.0,HT10,HT1031
978,6.0,2,3.0,1.0,,3.0,4.0,HT08,HT0811
979,6.0,3,3.0,1.0,4.0,3.0,9.0,HT06,HT0632
980,6.0,2,3.0,1.0,,3.0,20.0,HT07,HT0733
981,6.0,3,3.0,1.0,,3.0,13.0,HT07,HT0733
982,6.0,3,3.0,1.0,,3.0,2.0,HT07,HT0733
983,6.0,3,,,,,,HT07,HT0733
984,6.0,3,3.0,1.0,,3.0,3.0,HT07,HT0731
985,7.0,4,3.0,1.0,,3.0,3.0,HT07,HT0731
986,6.0,2,3.0,1.0,3.0,3.0,6.0,HT02,HT0232
987,6.0,2,3.0,2.0,,3.0,7.0,HT02,HT0231
988,4.0,4,1.0,1.0,20.0,1.0,45.0,HT02,HT0222
989,7.0,1,3.0,1.0,3.0,3.0,7.0,HT02,HT0212
990,7.0,2,3.0,2.0,,3.0,3.0,HT02,HT0213
991,6.0,3,1.0,1.0,1.0,1.0,10.0,HT03,HT0311
992,7.0,4,3.0,2.0,,3.0,6.0,HT07,HT0731
993,5.0,2,3.0,2.0,7.0,3.0,4.0,HT02,HT0213
994,6.0,3,3.0,1.0,,3.0,5.0,HT01,HT0121
995,6.0,2,3.0,1.0,,3.0,2.0,HT03,HT0313
996,6.0,2,3.0,1.0,,3.0,6.0,HT03,HT0322
997,6.0,4,3.0,2.0,,3.0,2.0,HT08,HT0811
998,4.0,3,3.0,1.0,15.0,3.0,31.0,HT02,HT0213
999,7.0,2,3.0,1.0,,3.0,6.0,HT02,HT0213
1000,6.0,3,3.0,1.0,4.0,3.0,10.0,HT01,HT0122
1001,6.0,1,3.0,2.0,1.0,3.0,4.0,HT01,HT0131
1002,7.0,2,3.0,2.0,1.0,3.0,5.0,HT08,HT0831
1003,6.0,1,3.0,2.0,2.0,3.0,1.0,HT08,HT0834
1004,4.0,2,3.0,1.0,,3.0,2.0,HT01,HT0115
1005,6.0,4,3.0,1.0,3.0,3.0,8.0,HT07,HT0712
1006,6.0,2,1.0,1.0,,1.0,13.0,HT01,HT0131
1007,6.0,3,1.0,1.0,,1.0,19.0,HT01,HT0122
1008,6.0,4,1.0,2.0,,1.0,8.0,HT07,HT0733
1009,7.0,2,3.0,2.0,,3.0,8.0,HT10,HT1023
1010,6.0,4,3.0,1.0,,3.0,5.0,HT10,HT1021
1011,5.0,3,3.0,2.0,5.0,3.0,8.0,HT05,HT0531
1012,6.0,3,3.0,2.0,,3.0,2.0,HT02,HT0221
1013,7.0,3,3.0,2.0,,3.0,2.0,HT02,HT0221
1014,7.0,2,3.0,2.0,,3.0,1.0,HT02,HT0221
1015,6.0,4,3.0,2.0,,3.0,7.0,HT02,HT0213
1016,6.0,3,3.0,1.0,3.0,3.0,7.0,HT03,HT0361
1017,6.0,4,3.0,2.0,,3.0,2.0,HT01,HT0133
1018,6.0,3,3.0,1.0,,3.0,5.0,HT03,HT0311
1019,7.0,3,3.0,1.0,,3.0,4.0,HT02,HT0213
1020,7.0,1,3.0,2.0,,3.0,2.0,HT02,HT0213
1021,7.0,2,3.0,2.0,,3.0,4.0,HT05,HT0521
1022,6.0,4,3.0,1.0,,3.0,3.0,HT01,HT0112
1023,6.0,4,3.0,2.0,,3.0,3.0,HT09,HT0911
1024,6.0,2,3.0,2.0,,3.0,8.0,HT07,HT0711
1025,6.0,4,3.0,1.0,,3.0,5.0,HT01,HT0111
1026,7.0,1,3.0,2.0,1.0,3.0,11.0,HT04,HT0434
1027,6.0,2,3.0,1.0,,3.0,6.0,HT02,HT0211
1028,6.0,2,3.0,1.0,,3.0,6.0,HT05,HT0542
1029,7.0,2,3.0,2.0,,3.0,2.0,HT02,HT0211
1030,6.0,3,1.0,1.0,,1.0,6.0,HT01,HT0141
1031,6.0,3,3.0,1.0,,3.0,5.0,HT06,HT0621
1032,5.0,3,3.0,1.0,3.0,3.0,14.0,HT02,HT0211
